date,requests,stations,observations,new,changed,delisted,relisted,seconds,ok
2026-09-13,26,317,1526,1526,0,0,0,312,1
2026-09-14,26,122,122,0,0,0,0,10661,0
2026-09-14,26,317,1526,0,212,0,0,285,1
2026-09-14,26,317,1526,0,8,0,0,321,1
2026-09-15,26,317,1526,0,360,0,0,333,1
2026-09-16,26,317,1526,0,323,0,0,314,1
2026-09-17,26,317,1525,0,536,1,0,330,1
2026-09-18,26,317,1525,0,502,0,0,312,1
2026-09-19,26,317,1525,0,514,0,0,328,1
2026-09-19,26,317,1525,0,28,0,0,301,1
2026-09-20,26,317,1525,0,48,0,0,323,1
2026-09-21,26,317,1525,0,179,0,0,331,1
2026-09-22,26,317,1525,0,619,0,0,342,1
2026-09-23,26,317,1525,0,722,0,0,407,1
2026-09-24,26,317,1525,0,441,0,0,338,1
