station_id,brand,name,address,phone,area,district,first_seen,last_seen
65b480ad17ec,EKO,R.A.M. OIL CYPRUS LIMITED,Μάρκου Δράκου 1 Τ.Κ 5510,23922335,Αυγόρου,Famagusta,2026-09-13,2026-09-13
84148c33cbb4,EKO,R.A.M. OIL CYPRUS LIMITED,Λεωφ. Αρχ.Μακαρίου Γ' 158 Τ.Κ 5380,23828512,Δερύνεια,Famagusta,2026-09-13,2026-09-13
c42afad7f35d,EKO,R.A.M. OIL CYPRUS LIMITED,Παραλιμνίου 56 Τ.Κ 5311,23742550,Σωτήρα,Famagusta,2026-09-13,2026-09-13
320be8d683a2,EKO,Α/ΦΟΙ Α. & Ν. ΝΙΚΗΦΟΡΟΥ ΛΙΜΙΤΕΔ,Σώτος Χατζηπροκοπίου 22 Τ.Κ 5330,23723868,Αγία Νάπα,Famagusta,2026-09-13,2026-09-13
5567cd093258,EKO,ΑΔΕΛΦΟΙ ΑΡΤΥΜΑΤΑ (ΠΑΡΑΛΙΜΝΙ) ΛΙΜΙΤΕΔ,Λεωφ. Πρωταρά 161 Τ.Κ 5289,23822030,Παραλίμνι,Famagusta,2026-09-13,2026-09-13
50a8f4e8f043,EKO,ΑΔΕΛΦΟΙ ΑΡΤΥΜΑΤΑ (ΠΡΩΤΑΡΑΣ) ΛΙΜΙΤΕΔ,Λεωφ. Πρωταρά - Κάβο Γκρέκο 280 Τ.Κ 5310,23814200,Πρωταράς,Famagusta,2026-09-13,2026-09-13
b24c2084919b,EKO,ΧΡΥΣΟΥΛΛΑ ΣΤΑΘΗ ΛΙΜΙΤΕΔ,1ης Απριλίου 138 Τ.Κ 5280,23821343,Παραλίμνι,Famagusta,2026-09-13,2026-09-13
4e416e4c8b88,ENI,ΝΙΚΟΣ & ΜΑΡΚΟΣ ΠΙΤΤΑΚΗΣ,1ης Απριλίου 237 Τ.Κ 5280,23821328,Παραλίμνι,Famagusta,2026-09-13,2026-09-13
48113cc9c12a,ESSO,LI. MA. KA. & CO LTD,Λεωφ. Γ.Γρίβα Διγενή 236 Τ.Κ 5281,23811008,Παραλίμνι,Famagusta,2026-09-13,2026-09-13
92d17347e22a,ESSO,TSOIL ENTERPRISES LIMITED,Βαρωσίων 39 Τ.Κ 5522,23962424,Βρυσούλες,Famagusta,2026-09-13,2026-09-13
364d076c3a94,ESSO,ΑΝΤΩΝΑΚΗΣ ΚΟΥΡΡΗΣ & ΥΙΟΣ ΛΙΜΙΤΕΔ,Λεωφ. Αρχ. Μακαρίου Γ' 50 Τ.Κ 5350,23821472,Φρέναρος,Famagusta,2026-09-13,2026-09-13
ce3d19ee3c70,ESSO,ΛΕΥΤΕΡΗΣ ΚΑΜΗΛΑΡΗΣ (ΕΠΙΧΕΙΡΗΣΕΙΣ) ΛΙΜΙΤΕΔ,1ης Απριλίου 165 Τ.Κ 5280,23822600,Παραλίμνι,Famagusta,2026-09-13,2026-09-13
9cfc7d5c5cf3,ESSO,ΜΑΡΙΟΣ Γ. ΠΑΝΑΓΗ & ΣΙΑ ΛΤΔ,Λεωφ. Λάρνακος - Αμμοχώστου Τ.Κ 5523,24721122,Δασάκι της Άχνας,Famagusta,2026-09-13,2026-09-13
ea9a4cf7c4b6,ESSO,ΣΤΥΛΛΗ & ΙΩΣΗΦ ΕΠΙΧΕΙΡΗΣΕΙΣ ΛΙΜΙΤΕΔ,1ης Απριλίου 33 Τ.Κ 5320,23943060,Λιοπέτρι,Famagusta,2026-09-13,2026-09-13
e9cef6250b69,PETROLINA,PETROLINA (HOLDINGS) PUBLIC LIMITED,Λεωφ. Γ.Γρίβα Διγενή Τ.Κ 5523,24720179,Δασάκι της Άχνας,Famagusta,2026-09-13,2026-09-13
6ce5fb3545fe,PETROLINA,PETROLINA (HOLDINGS) PUBLIC LIMITED,Λεωφ. Γ.Γρίβα Διγενή 42 Τ.Κ 5281,23730635,Παραλίμνι,Famagusta,2026-09-13,2026-09-13
a07b05ec2cfc,PETROLINA,PETROLINA (HOLDINGS) PUBLIC LIMITED,Αγίας Θέκλης 60 Τ.Κ 5390,23824959,Σωτήρα,Famagusta,2026-09-13,2026-09-13
8f64c72c7f44,PETROLINA,PETROLINA (HOLDINGS) PUBLIC LIMITED,Τεύκρου Ανθία 54 Τ.Κ 5330,23721742,Αγία Νάπα,Famagusta,2026-09-13,2026-09-13
efca9d48e28b,PETROLINA,PETROLINA (HOLDINGS) PUBLIC LIMITED,Φώτη Πίττα 85 Τ.Κ 5350,23731111,Φρέναρος,Famagusta,2026-09-13,2026-09-13
4ae21a9b5efa,PETROLINA,PETROLINA (HOLDINGS) PUBLIC LIMITED,Λεωφ. Πρωταρά - Κάβο Γκρέκο 227 Τ.Κ 5295,23831601,Πρωταράς,Famagusta,2026-09-13,2026-09-13
366a0c1d06e2,PETROLINA,Α. ΤΡΙΣΟΚΚΑΣ & ΥΙΟΣ ΛΙΜΙΤΕΔ,Γεωργίου Π.Κατσιάρη 100 Τ.Κ 5320,23942333,Λιοπέτρι,Famagusta,2026-09-13,2026-09-13
f31b0c4ec3e6,PETROLINA,ΝΙΚΟΛΑΟΥ Α. ΠΑΝΙΚΟΣ,Λεωφ. Αμμοχώστου 74 Τ.Κ 5380,23821322,Δερύνεια,Famagusta,2026-09-13,2026-09-13
6cbad4fb4f78,SHELL,CORAL ENERGY PRODUCTS CYPRUS LTD,Λεωφ. Αμμοχώστου 83 Τ.Κ 5390,23828803,Σωτήρα,Famagusta,2026-09-13,2026-09-13
0ed0b92e6d0c,SHELL,CORAL ENERGY PRODUCTS CYPRUS LTD,Λεωφ. Αμμοχώστου 58 Τ.Κ 5380,23821431,Δερύνεια,Famagusta,2026-09-13,2026-09-13
216880e896f0,SHELL,CORAL ENERGY PRODUCTS CYPRUS LTD,1ης Απριλίου 372 Τ.Κ 5280,23723031,Παραλίμνι,Famagusta,2026-09-13,2026-09-13
743927ebc86a,STAROIL,STAROIL (CYPRUS) LTD,Λεωφ. Καρύων 17 Τ.Κ 5510,23922182,Αυγόρου,Famagusta,2026-09-13,2026-09-13
cc2e49c3c04f,STAROIL,STAROIL (CYPRUS) LTD,Έξοδος αυτοκινητοδρόμου προς Λιοπέτρι (δρόμος Ε309) Τ.Κ 5330,23833170,Λιοπέτρι,Famagusta,2026-09-13,2026-09-13
ae7fb39a6ec9,EKO,D S KOMNINAKIS FUELS LTD,Κωνσταντινουπόλεως 85 Τ.Κ 7041,24333038,Δρόμος Καλαβασού - Ζυγίου,Larnaca,2026-09-13,2026-09-13
de92271f6ac9,EKO,K.L.D. PETROLEUM LIMITED,Δεκέλεια Τ.Κ,24723251,Δεκέλεια,Larnaca,2026-09-13,2026-09-13
dce42f6faf2a,EKO,LESONI PETROLIUM LTD,Αρχ. Μακαρίου Γ΄ 18 (Παλαιός Δρόμος Λάρνακας-Λεμεσού) Τ.Κ 7571,24432522,Αγγλισίδες,Larnaca,2026-09-13,2026-09-13
b2f690bf5cb7,EKO,PETROU ENERGY SOLUTION LIMITED,Κυριάκου Μάτση 100 Τ.Κ 7102,24532888,Αραδίππου,Larnaca,2026-09-13,2026-09-13
d82e742710ef,EKO,R.A.M. OIL CYPRUS LIMITED,"28ης Οκτωβρίου 12, Κόρνος Τ.Κ 7640",22533238,Κόρνος,Larnaca,2026-09-13,2026-09-13
565dd6821200,EKO,R.A.M. OIL CYPRUS LIMITED,Λεωφ. Αρχ. Μακαρίου Γ΄ 35 Τ.Κ 6017,24652743,Λάρνακα,Larnaca,2026-09-13,2026-09-13
0effbc30de91,EKO,R.A.M. OIL CYPRUS LIMITED,Λεωφ. Αρχ. Μακαρίου Γ΄ 20 Τ.Κ 7080,24661133,Πύλα,Larnaca,2026-09-13,2026-09-13
b109dbc73edf,EKO,R.A.M. OIL CYPRUS LIMITED,Λεωφ. Αρτέμιδος 29 Τ.Κ 6025,24652131,Λάρνακα,Larnaca,2026-09-13,2026-09-13
66d305f4af2e,EKO,R.A.M. OIL CYPRUS LIMITED,"Λεώφ. Δημητρίου Παπανικολή 6, Άγιοι Ανάργυροι Τ.Κ 6053",24668200,Λάρνακα,Larnaca,2026-09-13,2026-09-13
b20e8e600357,EKO,R.A.M. OIL CYPRUS LIMITED,Λεωφ. Αρχ. Μακαρίου Γ΄ 82 Τ.Κ 7550,24424020,Κίτι,Larnaca,2026-09-13,2026-09-13
624124474669,EKO,R.A.M. OIL CYPRUS LIMITED,Λεωφ. Γ.Γρίβα Διγενή 7 Τ.Κ 6010,24664300,Λάρνακα,Larnaca,2026-09-13,2026-09-13
17ee7f0dd4f0,EKO,R.A.M. OIL CYPRUS LIMITED,Λεωφ. Σπύρου Κυπριανού 51 Τ.Κ 7040,24648082,Ορόκλινη,Larnaca,2026-09-13,2026-09-13
462ee152ff3b,EKO,R.A.M. OIL CYPRUS LIMITED,Αγίου Λουκά 7 Τ.Κ 7731,24333172,Σκαρίνου,Larnaca,2026-09-13,2026-09-13
71cfa14de08b,EKO,R.A.M. OIL CYPRUS LIMITED,Λεωφ. Τάσσου Παπαδόπουλου (δρόμος Λάρνακας - Δεκέλειας) Τ.Κ 6019,24635023,Λάρνακα,Larnaca,2026-09-13,2026-09-13
47bdc6813569,EKO,ΒΑΣΟΣ ΜΑΤΩΛΗΣ ΛΙΜΙΤΕΔ,Δρόμος προς Δασάκι Άχνας Τ.Κ 7510,24723940,Περιφερειακός Δρόμος Ξυλοτύμπου,Larnaca,2026-09-13,2026-09-13
f17f81a488ad,EKO,Κ. ΜΙΧΑΗΛΑΣ & ΣΙΑ ΛΙΜΙΤΕΔ,Ελευθερίας 27 Τ.Κ 7102,24531780,Αραδίππου,Larnaca,2026-09-13,2026-09-13
0a9aabc9ae21,EKO,Κ. ΜΙΧΑΗΛΑΣ & ΣΙΑ ΛΙΜΙΤΕΔ,Λεωφ. Αμμοχώστου Τ.Κ 7643,24360270,Καλό Χωριό Λάρνακας,Larnaca,2026-09-13,2026-09-13
3e638c4e5fc9,EKO,ΚΥΡΙΑΚΟΣ Π. ΠΟΙΗΤΗΣ ΛΙΜΙΤΕΔ,Θεοκρίτου 57 Τ.Κ 7600,24523240,Αθιένου,Larnaca,2026-09-13,2026-09-13
0eb54c313653,EKO,ΝΙΚΟΣ ΓΕΡΑΣΙΜΟΥ ΛΙΜΙΤΕΔ,Αναστάσιου Μανώλη 77 Τ.Κ 7520,24725367,Ξυλοφάγου,Larnaca,2026-09-13,2026-09-13
73f4fd3d41f8,ENI,KALL-ENI CITY GAS STATION LTD,Λεωφ. Γ.Γρίβα Διγενή 4 Τ.Κ 6010,24622133,Λάρνακα,Larnaca,2026-09-13,2026-09-13
91c473332d72,ENI,M.S. PETROLEUM STATION LIMITED,Λεωφ. Αμμοχώστου (Δρόμος Λάρνακας-Δεκέλειας) Τ.Κ 6019,24632200,Δρόμος Λάρνακας - Δεκέλειας,Larnaca,2026-09-13,2026-09-13
3d365e518577,ESSO,DEANSON LIMITED,Θεόκριτου 67 Τ.Κ 7600,24522336,Αθιένου,Larnaca,2026-09-13,2026-09-13
117c3b6f97d9,ESSO,P2 PETROLEUM LIMITED,Λεωφ. Φανερωμένης Τ.Κ 6035,24620506,Λάρνακα,Larnaca,2026-09-13,2026-09-13
fe4873a2e4a6,ESSO,TRIKENO LTD,Λεωφ.Γ.Γρίβα Διγενή 43 Τ.Κ 6045,24652200,Λάρνακα,Larnaca,2026-09-13,2026-09-13
a4ce4b453fac,ESSO,ΘΕΟΠΕΤΡΟ ΛΙΜΙΤΕΔ,Λεωφ. Αρχ. Μακαρίου Γ' 35 Τ.Κ 7550,24828666,Κίτι,Larnaca,2026-09-13,2026-09-13
adc2bba2a282,ESSO,Κ & Α ΑΝΔΡΕΟΥ ΛΙΜΙΤΕΔ,Λεωφόρος Λεμεσού 4 Τ.Κ 7647,22533633,Μοσφιλωτή,Larnaca,2026-09-13,2026-09-13
d3095d05dc1e,ESSO,Μ.Α.Ν.Ι. ΠΑΝΑΓΙΩΤΟΥ ΛΤΔ,Γιάννου Κρανιδιώτη 34 Τ.Κ 6051,24668111,Λάρνακα,Larnaca,2026-09-13,2026-09-13
55d0b50126da,FILL N GO,FILL N GO STATIONS LTD,Λεωφ. Λάρνακος 1 Τ.Κ 7648,22532828,Πυργά,Larnaca,2026-09-13,2026-09-13
f42c281a9496,PETROLINA,ANTONIS KKOULOS PETROL STATION LIMITED,Λεωφ. Αρχ. Μακαρίου Γ΄ 4 Τ.Κ 7550,24422132,Κίτι,Larnaca,2026-09-13,2026-09-13
f6f989575c60,PETROLINA,D&J PAPETTA PETROL STATION LTD,Αναστάσιου Μανώλη 54 Τ.Κ 7520,24824610,Ξυλοφάγου,Larnaca,2026-09-13,2026-09-13
a60171704519,PETROLINA,M.D.N. ITALOS FUELS LIMITED,Λεωφ. Ελλάδος 65 Τ.Κ 7101,24323063,Αραδίππου,Larnaca,2026-09-13,2026-09-13
66e87f05a350,PETROLINA,PETROLINA (HOLDINGS) PUBLIC LIMITED,Λεωφ. Αρχ. Μακαρίου Γ΄ 23 Τ.Κ 6017,24652949,Λάρνακα,Larnaca,2026-09-13,2026-09-13
0af9f8bfb4c1,PETROLINA,PETROLINA (HOLDINGS) PUBLIC LIMITED,"Γεώργιου Χ"" Χαραλάμπους 58 Τ.Κ 7700",24342417,Λεύκαρα,Larnaca,2026-09-13,2026-09-13
fc394b0b3c0a,PETROLINA,PETROLINA (HOLDINGS) PUBLIC LIMITED,Λεωφ. Γιώργου Χριστοδουλίδη (Νέο ΓΣΖ) Τ.Κ 6043,24532222,Λάρνακα,Larnaca,2026-09-13,2026-09-13
7ea7211d094c,PETROLINA,PETROLINA (HOLDINGS) PUBLIC LIMITED,Λεωφ. Σπ. Κυπριανού 66-68 Τ.Κ 6057,24661452,Λάρνακα,Larnaca,2026-09-13,2026-09-13
c7e92648a250,PETROLINA,PETROLINA (HOLDINGS) PUBLIC LIMITED,"Κιλκής 1, Πετρολίνα HQ Τ.Κ 6015",24848034,Λάρνακα,Larnaca,2026-09-13,2026-09-13
44624b1025cd,PETROLINA,PETROLINA (HOLDINGS) PUBLIC LIMITED,Λεωφ. Τάσσου Παπαδόπουλου 7 (δίπλα από πρώην Διυλιστήριο) Τ.Κ 6059,24668180,Λειβάδια,Larnaca,2026-09-13,2026-09-13
ce1eb1eb6a71,PETROLINA,PETROLINA (HOLDINGS) PUBLIC LIMITED,Διεθνές Αεροδρόμιο Λάρνακας Τ.Κ 6650,24651011,Λάρνακα,Larnaca,2026-09-13,2026-09-13
e743dc2607b2,PETROLINA,V. THEODOROU BRO PETROL STATION LTD,Αγίας Παρασκευής 46 Τ.Κ 7741,24322761,Χοιροκιτία,Larnaca,2026-09-13,2026-09-13
69f804f17a32,PETROLINA,Z. ΖΗΝΩΝΟΣ & ΥΙΟΙ ΛΤΔ,Διονυσίου Σολωμού 3 Τ.Κ 7741,24817478,Χοιροκιτία,Larnaca,2026-09-13,2026-09-13
84e85efa4053,PETROLINA,ΑΝΔΡΕΑΣ Β. ΓΕΩΡΓΙΟΥ ΛΤΔ,Δρόμος Ζυγίου-Μαζωτού Τ.Κ 7577,24432650,Μαζωτός,Larnaca,2026-09-13,2026-09-13
c0388ce15031,PETROLINA,ΑΝΔΡΕΑΣ ΖΑΧΑΡΙΟΥ & ΥΙΟΙ ΛΙΜΙΤΕΔ,Λεωφ.Τιμίου Προδρόμου 44 Τ.Κ 7020,24426868,Δρομολαξιά,Larnaca,2026-09-13,2026-09-13
e7be22647dd4,PETROLINA,ΓΕΩΡΓΙΑ ΝΙΚΟΛΑΟΥ ΛΤΔ,Λεωφ. Γ.Γρίβα Διγενή 17 & Αγίας Λαύρας Τ.Κ 6010,24652638,Λάρνακα,Larnaca,2026-09-13,2026-09-13
6c1ec11817fc,PETROLINA,ΔΗΜΟΣ ΚΑΛΛΕΝΟΣ & ΥΙΟΣ ΛΙΜΙΤΕΔ,Παλαιός Δρόμος Λάρνακας-Ορμήδειας Τ.Κ 7530,24721030,Ορμήδεια,Larnaca,2026-09-13,2026-09-13
acf6a1b651b0,PETROLINA,ΚΩΣΤΑΣ ΓΕΩΡΓΙΟΥ (ΒΙΤΤΗΣ),Λεωφ. Αμμοχώστου Τ.Κ 7643,24364365,Καλό Χωριό Λάρνακας,Larnaca,2026-09-13,2026-09-13
25e9844b870d,PETROLINA,ΚΩΣΤΑΣ ΣΩΤΗΡΙΟΥ & ΥΙΟΣ (ΣΤΑΘΜΟΣ ΒΕΝΖΙΝΗΣ) ΛΙΜΙΤΕΔ,Λεωφ. Γ.Γρίβα Διγενή 16 Τ.Κ 6010,24652402,Λάρνακα,Larnaca,2026-09-13,2026-09-13
03fef4e54d18,PETROLINA,ΜΗΛΙΑ ΣΩΖΟΥ ΛΙΜΙΤΕΔ,"Παλαιός Δρόμος Λευκωσίας - Λεμεσού, Καλαβασός Τ.Κ 7733",24332277,Καλαβασός,Larnaca,2026-09-13,2026-09-13
04f7bb8cfb51,PETROLINA,ΜΙΧΑΛΗΣ ΚΑΤΖΗΣ & ΚΥΡΙΑΚΟΣ ΕΓΓΛΕΖΟΣ,Αναστάσιου Μανώλη 4 Τ.Κ 7520,24725356,Ξυλοφάγου,Larnaca,2026-09-13,2026-09-13
39363f6470ee,PETROLINA,ΧΡΥΣΟΥΛΛΑ & ΚΥΡΙΑΚΟΣ ΧΑΤΖΗΠΑΝΑΓΗ & ΥΙΟΙ ΛΤΔ,"Παλαιός Δρόμος Λευκωσίας-Λεμεσού, Κοφίνου Τ.Κ 7735",24322215,Κοφίνου,Larnaca,2026-09-13,2026-09-13
bb62751b98a5,SHELL,CORAL ENERGY PRODUCTS CYPRUS LTD,Λεωφ. Αρτέμιδος 67 Τ.Κ 6027,24664409,Λάρνακα,Larnaca,2026-09-13,2026-09-13
285b1e3703eb,SHELL,CORAL ENERGY PRODUCTS CYPRUS LTD,Λεωφ. Αρχ. Μακαρίου Γ΄ 57 Τ.Κ 6017,24652236,Λάρνακα,Larnaca,2026-09-13,2026-09-13
4ca921929927,SHELL,PKP FUEL CO. LTD,Ανδρέα Σουρουκλή 14 (δρόμος Λειβαδιών προς Κελλιά - πλησίον Κοιν. Σταδίου Λειβαδιών) Τ.Κ 7060,24663338,Λειβάδια,Larnaca,2026-09-13,2026-09-13
f75770842fc7,SHELL,ΑΡΓΥΡΟΥΛΛΑ & ΒΑΣΙΛΙΚΗ ΜΗΝΑ ΠΡΑΤΗΡΙΟ ΠΕΤΡΕΛΑΙΟΕΙΔΩΝ ΛΤΔ,Λεωφ.Ανεξαρτησίας 1 Τ.Κ 7570,24432830,Αλεθρικό,Larnaca,2026-09-13,2026-09-13
dc094a637823,SHELL,Κ. ΜΙΧΑΗΛΑΣ & ΣΙΑ ΛΙΜΙΤΕΔ,Δρόμος Καλού Χωριού Λάρνακας Τ.Κ 7643,24102172,Καλό Χωριό Λάρνακας,Larnaca,2026-09-13,2026-09-13
cf9bb5bb02a6,SHELL,Κ. ΜΙΧΑΗΛΑΣ & ΣΙΑ ΛΙΜΙΤΕΔ,Λεωφ. Ελλάδος 76 Τ.Κ 7101,24533460,Αραδίππου,Larnaca,2026-09-13,2026-09-13
8448a4c5531f,SHELL,Κ. ΜΙΧΑΗΛΑΣ & ΣΙΑ ΛΙΜΙΤΕΔ,Δρόμος Αραδίππου - Αβδελλερού Τ.Κ,24531122,Αβδελλερό,Larnaca,2026-09-13,2026-09-13
8f76232b6d53,STAROIL,STAROIL (CYPRUS) LTD,Λεωφ. Δρομολαξιάς 61 Τ.Κ 7550,24828600,Κίτι,Larnaca,2026-09-13,2026-09-13
93feddaea003,AGIP,VERMIC PETROLEUM LIMIΤΕD,Λεωφόρος Αμαθούντος 56 Τ.Κ 4047,25311165,Γερμασόγεια,Limassol,2026-09-13,2026-09-13
3009230fcbc6,EKO,GREENOIL LIMITED,Γεωργίου Καλογεροπούλου 50 Τ.Κ 4007,25028563,Μέσα Γειτονιά,Limassol,2026-09-13,2026-09-13
73e26adc0d93,EKO,LEFKIOS NICOLAOU ENTERPRISES LIMITED,Λεωφ. Αρχ. Μακαρίου Γ' 204 Τ.Κ 3030,25362096,Λεμεσός,Limassol,2026-09-13,2026-09-13
d2ec9f5d093e,EKO,PAMBINOS & SONS LIMITED,Νίκου και Δέσποινας Παττίχη 17 Τ.Κ 3071,25334111,Λεμεσός,Limassol,2026-09-13,2026-09-13
873fd7d21413,EKO,PAMBINOS PETROL STATION LIMITED,Λεωφ. Γιάννου Κρανιδιώτη 7 Τ.Κ 3110,25822090,Λεμεσός,Limassol,2026-09-13,2026-09-13
4a79c5105aa9,EKO,R.A.M. OIL CYPRUS LIMITED,Λεωφ. Φρ. Ρούσβελτ 29 Τ.Κ 3012,25819782,Λεμεσός,Limassol,2026-09-13,2026-09-13
dc99e1b517b2,EKO,R.A.M. OIL CYPRUS LIMITED,Νίκου Ευαγόρου 50 Τ.Κ 3091,25771999,Παλώδια,Limassol,2026-09-13,2026-09-13
9bd07aac27bc,EKO,R.A.M. OIL CYPRUS LIMITED,Λεώφ. Αγίου Αθανασίου 42 Τ.Κ 4102,25753385,Άγιος Αθανάσιος,Limassol,2026-09-13,2026-09-13
25791d087864,EKO,R.A.M. OIL CYPRUS LIMITED,Λεωφ. Σπ. Κυπριανού 5 Τ.Κ 4155,25332203,Λεμεσός,Limassol,2026-09-13,2026-09-13
3a0c41beebb7,EKO,R.A.M. OIL CYPRUS LIMITED,Αγίας Φυλάξεως 161 Τ.Κ 3083,25336641,Λεμεσός,Limassol,2026-09-13,2026-09-13
f8ad88f2d98a,EKO,R.A.M. OIL CYPRUS LIMITED,Γλάδστωνος 133 Τ.Κ 3032,25363675,Λεμεσός,Limassol,2026-09-13,2026-09-13
503646d494d5,EKO,R.A.M. OIL CYPRUS LIMITED,Οδυσσέα Γεωργίου 2 Τ.Κ 4651,25390062,Τραχώνι,Limassol,2026-09-13,2026-09-13
74b8ac0b63cd,EKO,R.A.M. OIL CYPRUS LIMITED,Πάφου 11 Τ.Κ 3052,25563791,Λεμεσός,Limassol,2026-09-13,2026-09-13
e7bfeaa9c428,EKO,R.A.M. OIL CYPRUS LIMITED,Κάθετος Δρόμος Νέου Λιμανιού Τ.Κ 4150,25391801,Κάτω Πολεμίδια,Limassol,2026-09-13,2026-09-13
9746fda18600,EKO,R.A.M. OIL CYPRUS LIMITED,Λεωφ. Αρχ. Μακαρίου Γ' 162 Τ.Κ 3026,25381276,Λεμεσός,Limassol,2026-09-13,2026-09-13
4fd43e7e497c,EKO,R.A.M. OIL CYPRUS LIMITED,Αγίου Γεωργίου 99 Τ.Κ 4180,25390691,Ύψωνας,Limassol,2026-09-13,2026-09-13
f7018faecfa5,EKO,R.A.M. OIL CYPRUS LIMITED,Λεωφ. Σπ. Κυπριανού 28 Τ.Κ 4154,25822228,Κάτω Πολεμίδια,Limassol,2026-09-13,2026-09-13
567e7e2b96ac,EKO,R.A.M. OIL CYPRUS LIMITED,Μαργαρίτας 45 Τ.Κ 4878,25550025,Πελένδρι,Limassol,2026-09-13,2026-09-13
cfec076bb164,EKO,ΚΥΠΡΙΑΝΟΥ & ΠΡΟΚΟΠΙΟΥ ΛΙΜΙΤΕΔ,Λεωφ. Σπ. Κυπριανού 61 Τ.Κ 4043,25311877,Γερμασόγεια,Limassol,2026-09-13,2026-09-13
f1dfb918aa44,EKO,Μ. Σ. ΓΕΩΡΓΙΟΣ ΧΡΙΣΤΟΦΟΡΟΥ & ΣΙΑ ΛΙΜΙΤΕΔ,Αγνοουμένων 15 Τ.Κ 4528,25633102,Πεντάκωμο,Limassol,2026-09-13,2026-09-13
9e6df553eab2,EKO,ΜΙΧΑΛΑΚΗΣ ΙΑΚΩΒΟΥ ΛΙΜΙΤΕΔ,14ος Δρόμος 22 Τ.Κ 4620,25932665,Επισκοπή,Limassol,2026-09-13,2026-09-13
5697a79e3714,EKO,ΝΤΙΝΟΣ ΑΠΟΣΤΟΛΟΥ ΛΙΜΙΤΕΔ,Ηλία Καννάουρου 20 Τ.Κ 4187,25391284,Ύψωνας,Limassol,2026-09-13,2026-09-13
d4092c9b4f08,ENI,S.L. PETROLEUM SERVICES LTD,Αγίας Φυλάξεως 23-25 Τ.Κ 3025,25358282,Λεμεσός,Limassol,2026-09-13,2026-09-13
a13338dc541d,ENI,ΝΙΚΟΣ Σ. ΝΙΚΟΛΑΙΔΗΣ ΛΙΜΙΤΕΔ,Νίκου και Δέσποινας Παττίχη 117 Τ.Κ 3070,25335300,Λεμεσός,Limassol,2026-09-13,2026-09-13
bbe6fff4e9d1,ESSO,ANTHOUSIA HOLDINGS LIMITED,Λεώφ. Λεμεσού 30 Τ.Κ 4525,25360101,Μονή,Limassol,2026-09-13,2026-09-13
cfd3fe33b227,ESSO,AΡΙΣΤΟΣ Θ. ΑΡΙΣΤΕΙΔΟΥ ΛΙΜΙΤΕΔ,Τζελάλ Μπαγιάρ 4 Τ.Κ 3042,25370210,Λεμεσός,Limassol,2026-09-13,2026-09-13
1ef5b819726d,ESSO,CEMARIUS LTD,Κολωνακίου 5 Τ.Κ 4103,25324880,Άγιος Αθανάσιος,Limassol,2026-09-13,2026-09-13
018228a5741c,ESSO,CHR. PELENDRIDES ENTERPRISES LTD,Αγίας Φυλάξεως 205 Τ.Κ 3083,25386476,Λεμεσός,Limassol,2026-09-13,2026-09-13
b3875ccbca12,ESSO,DEMETRIS XANDRIS DEVELOPMENTS LTD,Πάφου 26 Τ.Κ 4607,25221010,Πισσούρι,Limassol,2026-09-13,2026-09-13
233254a84b2d,ESSO,DERESIO PETROLEUM LTD,Ονησίλου 1 Τ.Κ 4532,25310136,Τουριστική Περ. Αγίου Τύχωνα,Limassol,2026-09-13,2026-09-13
e2fd268c172a,ESSO,DI FORCES TRADING LTD,Δρόμος Βάσεων Επισκοπής Τ.Κ 4153,25211547,Βάση Επισκοπής,Limassol,2026-09-13,2026-09-13
cd323f4673d7,ESSO,E&P PETROL STATION LTD,Αγίας Ζώνης 14 Τ.Κ 3027,25344263,Λεμεσός,Limassol,2026-09-13,2026-09-13
c0e5c11d688d,ESSO,G.A. PETROLEUM LIMITED,Λεώφ. Αγίου Αθανασίου 13 Τ.Κ 4107,25221121,Άγιος Αθανάσιος,Limassol,2026-09-13,2026-09-13
288f16b2cde1,ESSO,JENKERA LIMITED,Μισιαούλη & Καβάζογλου 86-88 Τ.Κ 3016,25565274,Λεμεσός,Limassol,2026-09-13,2026-09-13
89f3721e58ea,ESSO,KOURKOUTIS ENTERPRISES LTD,Γρηγόρη Αυξεντίου 128 Τ.Κ 4520,25366669,Παρεκκλησιά,Limassol,2026-09-13,2026-09-13
e551eeff6720,ESSO,N.P PETROL STATION LTD,Πάφου 21 Τ.Κ 3052,25562279,Λεμεσός,Limassol,2026-09-13,2026-09-13
b27d9f5af2b6,ESSO,S & K TIGGER TRADING LIMITED,Φρ. Ρούσβελτ 263 Τ.Κ 3046,25713540,Λεμεσός,Limassol,2026-09-13,2026-09-13
ed726f0564b7,ESSO,STAVROS PANAYIOTOU OIL SERVICES LIMITED,Λεωφ. Σπ. Κυπριανού 26 Τ.Κ 4003,25752200,Μέσα Γειτονιά,Limassol,2026-09-13,2026-09-13
00e8792b88ef,ESSO,YIANNAKIS & ΑΝΝΑ TSANGARIDES LIMITED,"Γρηγόρη Αυξεντίου, Δρόμος Παρεκκλησιάς Τ.Κ",25636261,Παρεκκλησιά,Limassol,2026-09-13,2026-09-13
7cb63eb7db4a,ESSO,Μ.Κ. ΓΕΝΕΘΛΙΟΥ & ΥΙΟΙ ΛΙΜΙΤΕΔ,Γιάννου Κρανιδιώτη Τ.Κ 3110,25336300,Λεμεσός,Limassol,2026-09-13,2026-09-13
5fdf8a375f2a,ESSO,ΠΑΝΙΚΟΣ Σ. ΜΑΠΠΑΣ (ΠΕΤΡΕΛΑΙΟΕΙΔΗ) ΛΙΜΙΤΕΔ,Μακεδονίας 15 Τ.Κ 4540,25452326,Παραμύθα,Limassol,2026-09-13,2026-09-13
46946a1f650f,ESSO,ΣΑΒΒΑΣ ΛΙΛΗ & ΥΙΟΙ ΛΙΜΙΤΕΔ,14ος Δρόμος 40 Τ.Κ 4620,25932671,Επισκοπή,Limassol,2026-09-13,2026-09-13
d47ea3209c18,JACKOSON,JACKOSON ENTERPRISES LIMITED,Δρόμος Παλαιχωρίου - Αγρού Τ.Κ 4860,,Αγρός,Limassol,2026-09-13,2026-09-13
a048b4d2bd64,PETROLINA,A. K. Konnaris Service Station Ltd,Παναγίας Ελεούσας 55 Τ.Κ 4730,25432020,Τριμίκλινη,Limassol,2026-09-13,2026-09-13
1fe98156d14c,PETROLINA,A. K. Konnaris Service Station Ltd (Platres),Παναγίας Φανερωμένης 57 Τ.Κ,25421100,Πάνω Πλάτρες,Limassol,2026-09-13,2026-09-13
50bbcc14271b,PETROLINA,Christina S. Andreou,Αγγελικής Σωτηρίου 25 Τ.Κ,25942536,Πάνω Κυβίδες,Limassol,2026-09-13,2026-09-13
d5197602e9cf,PETROLINA,GRECHARCO SERVICES LIMITED,Λεωφ. Αρχ. Μακαρίου Γ' 28 Τ.Κ 4003,25752509,Μέσα Γειτονιά,Limassol,2026-09-13,2026-09-13
5f1d9d44de4c,PETROLINA,PETROLINA (HOLDINGS) PUBLIC LIMITED,Λεωφ. Αρχ. Μακαρίου Γ' 18 Τ.Κ 3061,25573984,Λεμεσός,Limassol,2026-09-13,2026-09-13
4a09006139d2,PETROLINA,PETROLINA (HOLDINGS) PUBLIC LIMITED,Μισιαούλη & Καβάζογλου 73 Τ.Κ 3016,25877422,Λεμεσός,Limassol,2026-09-13,2026-09-13
7510589f4eaa,PETROLINA,PETROLINA (HOLDINGS) PUBLIC LIMITED,Πάφου 33 Τ.Κ 3052,25571717,Λεμεσός,Limassol,2026-09-13,2026-09-13
b42e8375c701,PETROLINA,PETROLINA (HOLDINGS) PUBLIC LIMITED,Λεώφ. Λεμεσού 5 Τ.Κ 4525,25632877,Μονή,Limassol,2026-09-13,2026-09-13
23c7b3207f92,PETROLINA,PETROLINA (HOLDINGS) PUBLIC LIMITED,"Γιάννου Κρανιδιώτη 34, (Εκάλι, Αγία Φύλα) Τ.Κ -",25772888,Λεμεσός,Limassol,2026-09-13,2026-09-13
e47bff9f4edc,PETROLINA,PETROLINA (HOLDINGS) PUBLIC LIMITED,Αγίας Φυλάξεως 231 Τ.Κ 3116,25820225,Λεμεσός,Limassol,2026-09-13,2026-09-13
dfc8523796a8,PETROLINA,PETROLINA (HOLDINGS) PUBLIC LIMITED,Αγίας Φυλάξεως 109 Τ.Κ 3087,25382888,Λεμεσός,Limassol,2026-09-13,2026-09-13
36fb67511673,PETROLINA,PETROLINA (HOLDINGS) PUBLIC LIMITED,Φρ. Ρούσβελτ 245 Τ.Κ 3046,25391077,Λεμεσός,Limassol,2026-09-13,2026-09-13
72bd542a8c85,PETROLINA,PETROLINA (HOLDINGS) PUBLIC LIMITED,Δρόμος Αμιάντου – Καρβουνά Τ.Κ 4876,25550055,Κυπερούντα,Limassol,2026-09-13,2026-09-13
39fd6925ae42,PETROLINA,PETROLINA (HOLDINGS) PUBLIC LIMITED,Κάθετος Δρόμος Νέου Λιμανιού Τ.Κ 4150,25715042,Κάτω Πολεμίδια,Limassol,2026-09-13,2026-09-13
89f704207e91,PETROLINA,PETROLINA (HOLDINGS) PUBLIC LIMITED,Παλαιός Δρόμος Λεμεσού-Πάφου Τ.Κ 4607,25221250,Πισσούρι,Limassol,2026-09-13,2026-09-13
72b865f82639,PETROLINA,Α. ΑΡΓΥΡΟΥ ΠΡΑΤΗΡΙΟ ΒΕΝΖΙΝΗΣ ΛΤΔ,Προμαχών Ελευθερίας 17 Τ.Κ 4103,25324122,Άγιος Αθανάσιος,Limassol,2026-09-13,2026-09-13
69c2fb53eb4c,PETROLINA,ΚΙΚΗΣ Π. ΜΙΧΑΗΛΟΥΔΗΣ ΛΙΜΙΤΕΔ,Νίκου και Δέσποινας Παττίχη 5Γ Τ.Κ 3071,25336107,Λεμεσός,Limassol,2026-09-13,2026-09-13
ac1e40cae503,PETROLINA,ΠΑΝΑΓΙΩΤΗΣ ΠΕΓΛΙΤΣΗΣ & ΣΙΑ ΛΙΜΙΤΕΔ,Κολωνακίου 27 Τ.Κ 4103,25322880,Άγιος Αθανάσιος,Limassol,2026-09-13,2026-09-13
3c3fdd29b8f7,SHELL,CORAL ENERGY PRODUCTS CYPRUS LTD,Φρ. Ρούσβελτ 92 Τ.Κ 3011,,Λεμεσός,Limassol,2026-09-13,2026-09-13
96a9e00b5b6d,SHELL,CORAL ENERGY PRODUCTS CYPRUS LTD,28ης Οκτωβρίου 305 Τ.Κ 3105,25101128,Λεμεσός,Limassol,2026-09-13,2026-09-13
ca9163f0f3f8,SHELL,CORAL ENERGY PRODUCTS CYPRUS LTD,Αποστόλου Λουκά 66 Τ.Κ 4632,25432188,Κολόσσι,Limassol,2026-09-13,2026-09-13
178bce87f3a6,SHELL,CORAL ENERGY PRODUCTS CYPRUS LTD,Πάφου 37 Τ.Κ 3052,25566155,Λεμεσός,Limassol,2026-09-13,2026-09-13
c7f59703554a,SHELL,CORAL ENERGY PRODUCTS CYPRUS LTD,Λεωφ. Σπ. Κυπριανού 135 Τ.Κ 3083,25333066,Λεμεσός,Limassol,2026-09-13,2026-09-13
d31ea5693826,SHELL,CORAL ENERGY PRODUCTS CYPRUS LTD,Θεσσαλονίκης 16 Τ.Κ 3025,25584639,Λεμεσός,Limassol,2026-09-13,2026-09-13
ac585f0e2770,SHELL,CORAL ENERGY PRODUCTS CYPRUS LTD,Λεωφ. Μονιάτη 2 Τ.Κ 4747,25433080,Σαϊτάς,Limassol,2026-09-13,2026-09-13
7e13d23a29b2,SHELL,INDEXICO LIMITED,Αγίας Φυλάξεως 185 Τ.Κ 3083,25387666,Λεμεσός,Limassol,2026-09-13,2026-09-13
3ede104e6d56,SHELL,N.P.M. GABRIEL LIMITED,Ηλία Καννάουρου 64 Τ.Κ 4188,25714801,Ύψωνας,Limassol,2026-09-13,2026-09-13
d8f54ff2148b,SHELL,OLSERVE LIMITED,Προμαχών Ελευθερίας 11 Τ.Κ 4103,25324935,Άγιος Αθανάσιος,Limassol,2026-09-13,2026-09-13
be850363d55b,SHELL,ΚΥΡΙΑΚΟΣ ΚΟΜΠΟΣ & ΥΙΟΙ ΛΙΜΙΤΕΔ,Λεωφ. Ομονοίας 32 Τ.Κ 3052,25569893,Λεμεσός,Limassol,2026-09-13,2026-09-13
e2988b40a3b9,STAROIL,STAROIL (CYPRUS) LTD,Δημοκρατίας 40 Τ.Κ 3012,25370503,Λεμεσός,Limassol,2026-09-13,2026-09-13
1476a096e3ba,STAROIL,STAROIL (CYPRUS) LTD,Δρόμος Λεμεσού - Πλατρών Τ.Κ -,25370120,Λεμεσός,Limassol,2026-09-13,2026-09-13
bda8d48d501e,ΑΝΕΞΑΡΤΗΤΟ ΠΡΑΤΗΡΙΟ,ARTEMIS A. GEORGIOU PETROL STATION LTD,Λεωφ. Κωνσταντίνου & Ευριπίδου 1 Τ.Κ 4651,25873040,Τραχώνι,Limassol,2026-09-13,2026-09-13
b08cefca3ef4,EKO,C.N PETROL STATION LTD,Κάτω Πύργος Τ.Κ 2940,,Κάτω Πύργος,Nicosia,2026-09-13,2026-09-13
9cf1024093d0,EKO,LODELIA LIMITED,Λεωφ. Αθαλάσσας 110 Τ.Κ 2024,22424452,Δασούπολη,Nicosia,2026-09-13,2026-09-13
d825945d0dc1,EKO,Marios Miltiadous Petrol Station Ltd,Λεωφ. Σαριγιάννη Τ.Κ 2831,22933457,Ευρύχου,Nicosia,2026-09-13,2026-09-13
1a10004ef1a9,EKO,R.A.M. OIL CYPRUS LIMITED,Λεωφ. Δημοσθένη Σεβέρη 49 Τ.Κ 1080,22661826,Λευκωσία,Nicosia,2026-09-13,2026-09-13
b920f34d9678,EKO,R.A.M. OIL CYPRUS LIMITED,Λεωφ. Καντάρας 23 Τ.Κ 1037,22431814,Καϊμακλί,Nicosia,2026-09-13,2026-09-13
0ec6995b7755,EKO,R.A.M. OIL CYPRUS LIMITED,Λεωφ. Αγλαντζιάς 35 Τ.Κ 2108,22333916,Αγλαντζιά,Nicosia,2026-09-13,2026-09-13
77af34d3792b,EKO,R.A.M. OIL CYPRUS LIMITED,"Λεωφόρος Λεμεσού 341, Πέρα Χωριό (Βιομηχανική Περιοχή Νήσου) Τ.Κ 2571",22610240,Πέρα Χωριό Νήσου,Nicosia,2026-09-13,2026-09-13
64c1bca40276,EKO,R.A.M. OIL CYPRUS LIMITED,Λεωφ. Διγενή Ακρίτα 7-9 Τ.Κ 1055,22347879,Λευκωσία,Nicosia,2026-09-13,2026-09-13
1f9b60bded75,EKO,R.A.M. OIL CYPRUS LIMITED,Λεωφ. Λάρνακος 103 Τ.Κ 2103,22333340,Αγλαντζιά,Nicosia,2026-09-13,2026-09-13
d59f16d1ea1f,EKO,R.A.M. OIL CYPRUS LIMITED,"Λεωφ. Γρηγόρη Αυξεντίου 67, Αγία Βαρβάρα Τ.Κ 2560",22523162,Αγία Βαρβάρα,Nicosia,2026-09-13,2026-09-13
3dc149493178,EKO,R.A.M. OIL CYPRUS LIMITED,Λεωφ. Στασίνου Τ.Κ 1060,22755121,Λευκωσία,Nicosia,2026-09-13,2026-09-13
2676e12059bc,EKO,R.A.M. OIL CYPRUS LIMITED,Μελίνας Μερκούρη 22 Τ.Κ 2311,22388870,Λακατάμεια,Nicosia,2026-09-13,2026-09-13
99e322d6ea26,EKO,R.A.M. OIL CYPRUS LIMITED,Λεωφόρος Στροβόλου 98 Τ.Κ 2325,22107231,Λακατάμεια,Nicosia,2026-09-13,2026-09-13
6ca3bacda2ef,EKO,R.A.M. OIL CYPRUS LIMITED,Λεωφ. Αναλιόντα 155 Τ.Κ 2480,22521770,Τσέρι,Nicosia,2026-09-13,2026-09-13
dc18f4cb1ad3,EKO,R.A.M. OIL CYPRUS LIMITED,"Λεωφ. Αρχ. Μακαρίου Γ΄ 61, Κοκκινοτριμιθιά Τ.Κ 2660",22833573,Κοκκινοτριμιθιά,Nicosia,2026-09-13,2026-09-13
e6d810278243,EKO,R.A.M. OIL CYPRUS LIMITED,Λεωφ. Λουκή Ακρίτα 1 Τ.Κ 1100,22774819,Λευκωσία,Nicosia,2026-09-13,2026-09-13
cc747759de94,EKO,R.A.M. OIL CYPRUS LIMITED,Γωνία Ναυαρίνου 2 & Ταγματάρχου Πουλίου Τ.Κ 1100,22774025,Λευκωσία,Nicosia,2026-09-13,2026-09-13
0708c47ecb63,EKO,R.A.M. OIL CYPRUS LIMITED,Γ.Γρίβα Διγενή 12 Τ.Κ 2614,22635005,Αρεδιού,Nicosia,2026-09-13,2026-09-13
da0b210a2136,EKO,R.A.M. OIL CYPRUS LIMITED,"Λεωφ.Αρχ. Μακαρίου Γ' 70, Αστρομερίτης Τ.Κ 2722",22821312,Αστρομερίτης,Nicosia,2026-09-13,2026-09-13
43962c7fecd8,EKO,R.A.M. OIL CYPRUS LIMITED,Γ. Κρανιδιώτη 5 Τ.Κ 2220,22489888,Λατσιά,Nicosia,2026-09-13,2026-09-13
458aa789203d,EKO,R.A.M. OIL CYPRUS LIMITED,Λεωφ. Σπ. Κυπριανού 75 Τ.Κ 2031,22511949,Στρόβολος,Nicosia,2026-09-13,2026-09-13
0fa89e115816,EKO,R.A.M. OIL CYPRUS LIMITED,Λεωφ. Λεμεσού 7 Τ.Κ 2112,22336653,Αγλαντζιά,Nicosia,2026-09-13,2026-09-13
0f4f50ae5f90,EKO,R.A.M. OIL CYPRUS LIMITED,Λεωφ. Αθαλάσσας 152 Τ.Κ 2024,22514700,Δασούπολη,Nicosia,2026-09-13,2026-09-13
42e035b752d8,EKO,R.A.M. OIL CYPRUS LIMITED,Λεωφ. Τσερίου 127 Στρόβολος Τ.Κ 2045,22324668,Στρόβολος,Nicosia,2026-09-13,2026-09-13
8d38472ccb06,EKO,R.A.M. OIL CYPRUS LIMITED,Λεωφ. Δημοκρατίας 54 Τ.Κ 2034,22429491,Στρόβολος,Nicosia,2026-09-13,2026-09-13
a1cbb4c4a9c8,EKO,R.A.M. OIL CYPRUS LIMITED,Λεωφ. Κυριάκου Μάτση 22 Τ.Κ 2408,22354708,Έγκωμη,Nicosia,2026-09-13,2026-09-13
187618635ba0,EKO,R.A.M. OIL CYPRUS LIMITED,Καλαμών 21 Τ.Κ 2032,22570720,Στρόβολος,Nicosia,2026-09-13,2026-09-13
4f835e812e0f,EKO,R.A.M. OIL CYPRUS LIMITED,Λεωφ. Σταυρού 25 Τ.Κ 2035,22496831,Στρόβολος,Nicosia,2026-09-13,2026-09-13
42462b695ab2,EKO,R.A.M. OIL CYPRUS LIMITED,Λεωφ. Δημητρίου Βικέλα 97 Τ.Κ 2037,22570958,Στρόβολος,Nicosia,2026-09-13,2026-09-13
293b8fa19bf7,EKO,R.A.M. OIL CYPRUS LIMITED,Λεωφ. Αρχ.Μιχαήλ 43 (Παρισσινός) Τ.Κ 2057,22353335,Στρόβολος,Nicosia,2026-09-13,2026-09-13
5a78a7364d62,EKO,R.A.M. OIL CYPRUS LIMITED,Λεωφόρος Αρχ. Μιχαήλ 17 Τ.Κ 2057,22876187,Στρόβολος,Nicosia,2026-09-13,2026-09-13
7b205bef86bd,EKO,VASOU EXPRESS LYBE CENTER LIMITED,"Λεωφ. Λεμεσού 21, Πέρα Χωριό Τ.Κ 2572",22524366,Πέρα Χωριό Νήσου,Nicosia,2026-09-13,2026-09-13
dacff0faaefb,EKO,Ι. ΧΑΣΙΚΟΣ ΛΤΔ,Λεωφ. Λευκωσίας 108 Τ.Κ 2540,22815686,Δάλι,Nicosia,2026-09-13,2026-09-13
79c9bc2be4e7,EKO,Ι. ΧΑΣΙΚΟΣ ΛΤΔ,Λεωφ. Γερίου Τ.Κ 2200,22488555,Γέρι,Nicosia,2026-09-13,2026-09-13
4b3ea41ef444,EKO,ΛΟΥΚΑΣ Θ. ΛΟΥΚΑ & ΥΙΟΙ (ΠΕΤΡΕΛΑΙΟΕΙΔΗ) ΛΤΔ,Λεωφ. Προδρόμου 111 Τ.Κ 2063,22661444,Στρόβολος,Nicosia,2026-09-13,2026-09-13
b99043294256,EKO,ΝΕΟΦΥΤΟΣ ΤΣΙΑΜΑΝΕΣ ΛΙΜΙΤΕΔ,"Λεωφ. Αρχ. Μακαρίου Γ΄1, Κάτω Δευτερά Τ.Κ 2450",22621331,Δευτερά,Nicosia,2026-09-13,2026-09-13
7c3d4980155f,EKO,ΠΑΝΑΓΙΩΤΗΣ ΘΕΟΔΟΣΙΟΥ & ΥΙΟΙ ΛΙΜΙΤΕΔ,Λεωφ. Στροβόλου 223 Τ.Κ 2048,22326903,Στρόβολος,Nicosia,2026-09-13,2026-09-13
29adfa02acca,EKO,ΠΡΑΤΗΡΙΟ ΒΕΝΖΙΝΗΣ ΑΔΑΜΟΣ ΧΡΙΣΤΟΔΟΥΛΟΥ & ΥΙΟΙ ΛΙΜΙΤΕΔ,Λεωφ. Νίκης 25 Τ.Κ 1086,22490521,Ακρόπολη,Nicosia,2026-09-13,2026-09-13
a78f59d05bcd,EKO,ΦΟΙΒΟΣ ΠΑΠΑΛΕΟΝΤΙΟΥ & ΣΙΑ ΛΙΜΙΤΕΔ,"Αρχ. Μακαρίου Γ΄ 42, Πέρα Χωριό Τ.Κ 2572",22521556,Πέρα Χωριό Νήσου,Nicosia,2026-09-13,2026-09-13
daf0981942c3,ENI,COSTAS SAVVIDES (PETROL STATION) LIMITED,Λεωφ. Λάρνακος 125 Τ.Κ 1048,22435320,Παλλουριώτισσα,Nicosia,2026-09-13,2026-09-13
ec323cfaf5f4,ENI,Α. Ν. & Σ. ΕΥΘΥΜΙΟΥ ΛΙΜΙΤΕΔ,Λεωφ. Λεμεσού 69 Τ.Κ 2121,22422670,Αγλαντζιά,Nicosia,2026-09-13,2026-09-13
e1c953e44df3,ENI,ΠΑΡΑΣΧΟΣ ΣΤΥΛΙΑΝΟΥ ΛΙΜΙΤΕΔ,Λεωφ. Σπ. Κυπριανού 220 Τ.Κ 2045,22326688,Στρόβολος,Nicosia,2026-09-13,2026-09-13
01d291cc5e9f,ESSO,ANGIO TRADING LIMITED,Λεωφ. Νίκης 37 Τ.Κ 1087,22490810,Ακρόπολη,Nicosia,2026-09-13,2026-09-13
428b07ccf758,ESSO,ANMAS LTD,Λεωφ. Γρηγόρη Αυξεντίου 154 Τ.Κ 2365,22771034,Άγιος Δομέτιος,Nicosia,2026-09-13,2026-09-13
54ff5ad55f16,ESSO,BLUEKEY TRADING LIMITED,Λεωφ. Σπ. Κυπριανού 14 Τ.Κ 2033,22427528,Στρόβολος,Nicosia,2026-09-13,2026-09-13
ab868b4b332e,ESSO,C.K.M. PETROLEUM LIMITED,Στροβόλου 19 Τ.Κ 2480,22385359,Τσέρι,Nicosia,2026-09-13,2026-09-13
8e414da9ad9e,ESSO,CADREC LTD,Λεωφ. Λεμεσού 73 Τ.Κ 2121,22421627,Αγλαντζιά,Nicosia,2026-09-13,2026-09-13
59fe848dcc1d,ESSO,CC CRUDE ENERGY LTD,Λεωφ. Στροβόλου 278 Τ.Κ 2048,22322441,Στρόβολος,Nicosia,2026-09-13,2026-09-13
32039ce18953,ESSO,DOUBLE N. GAS STATION LIMITED,Μακεδονιτίσσης 105 Τ.Κ 2057,22513003,Στρόβολος,Nicosia,2026-09-13,2026-09-13
ed2f040407db,ESSO,EUROORBIT LIMITED,"Λεωφ. Γρηγόρη Αυξεντίου 29, Πάνω Δευτερά Τ.Κ 2460",22622222,Δευτερά,Nicosia,2026-09-13,2026-09-13
4ac8836fa7fb,ESSO,EWISE RETAIL LTD,"Λεωφ. Διγενή Ακρίτα 43, Άγιος Αντώνιος Τ.Κ 1070",22751717,Λευκωσία,Nicosia,2026-09-13,2026-09-13
e3a6cf9b7017,ESSO,EWISE RETAIL LTD,Γιάννου Κρανιδιώτη 112 Τ.Κ 2235,22487507,Λατσιά,Nicosia,2026-09-13,2026-09-13
77450002346a,ESSO,FREGIO LTD,"Γρηγόρη Αυξεντίου 24, Κοκκινοτριμιθιά Τ.Κ 2660",22835192,Κοκκινοτριμιθιά,Nicosia,2026-09-13,2026-09-13
01ce074bf8e9,ESSO,G.K.S SAMATAS LIMITED,Αγίου Νικολάου 37 Τ.Κ 2408,22590586,Έγκωμη,Nicosia,2026-09-13,2026-09-13
1044095b4cde,ESSO,I.G. MAKRIS ENTERPRISES LTD,Καντάρας 58 Τ.Κ 1037,22433430,Καϊμακλί,Nicosia,2026-09-13,2026-09-13
d81649f97c28,ESSO,LOUKA & ODYSSEOS TRADING LTD,Λεωφ. Σπ. Κυπριανού 219 Τ.Κ 2045,22322181,Στρόβολος,Nicosia,2026-09-13,2026-09-13
5bbb1e8908dc,ESSO,N. ANDRONICOU SERVICE CENTER LIMITED,Γ.Γρίβα Διγενή (Δρόμος Λευκωσίας - Παλαιχωρίου) Αρεδιού Τ.Κ 2614,22634780,Αρεδιού,Nicosia,2026-09-13,2026-09-13
40e8c72b6e83,ESSO,PYCEGA LTD,Λεωφ. Στροβόλου 327 Τ.Κ 2052,22327758,Στρόβολος,Nicosia,2026-09-13,2026-09-13
aea2d6e66b8f,ESSO,R N.E.P. FUEL LTD,Λεωφ. Τζων Κέννετυ 78 Τ.Κ 1046,22431888,Παλλουριώτισσα,Nicosia,2026-09-13,2026-09-13
61489bbd24f4,ESSO,"SOFT ""N"" FOAMY CAR WASH LIMITED",Λεωφ. Αρχ. Μιχαήλ 37 (Παρισσινός) Τ.Κ 2057,22352414,Στρόβολος,Nicosia,2026-09-13,2026-09-13
8899ec50983b,ESSO,THEODOSIS OLYMBIOS PETROL STATION LTD,Ελευθερίας 28 Τ.Κ 2566,22521825,Λύμπια,Nicosia,2026-09-13,2026-09-13
b979b66dc2a8,ESSO,TROPALI PETROLEUM TWO LTD,Λεωφ. Γ.Γρίβα Διγενή 31-35 Τ.Κ 1082,22761100,Λευκωσία,Nicosia,2026-09-13,2026-09-13
69fd22d4956b,ESSO,TSOSACO OIL LIMITED,Λεωφ. Σπ. Χριστοδούλου 42 Τ.Κ 1020,22431925,Παλλουριώτισσα,Nicosia,2026-09-13,2026-09-13
5f6aecc094a5,ESSO,ΑΝΔΡΕΑΣ & ΚΩΣΤΑΣ ΙΩΑΝΝΟΥ ΛΙΜΙΤΕΔ,Λεωφ. Στροβόλου 37 Τ.Κ 2018,22421248,Στρόβολος,Nicosia,2026-09-13,2026-09-13
5fd49366646f,ESSO,"ΓΕΝΙΚΑΙ ΕΠΙΧΕΙΡΗΣΕΙΣ ""ΜΑΡΠΙΣΣΑ"" ΛΙΜΙΤΕΔ",Λεωφ. Κυριάκου Μάτση 12 Τ.Κ 2368,22355727,Άγιος Δομέτιος,Nicosia,2026-09-13,2026-09-13
2685729352b8,ESSO,ΚΩΣΤΑΣ Σ. ΣΑΒΒΑ ΠΕΤΡΕΛΑΙΟΕΙΔΗ ΛΤΔ,Λεωφ. Αρχ. Μακαρίου Γ' 99 Τ.Κ 2565,22543375,Λυθροδόντας,Nicosia,2026-09-13,2026-09-13
b7ed85fcf4b7,ESSO,ΝΙΚΟΣ Χ. ΠΙΕΡΙΔΗΣ ΠΕΤΡΕΛΑΙΟΕΙΔΗ ΛΙΜΙΤΕΔ,"Γρηγόρη Αυξεντίου, Ακάκι Τ.Κ 2720",22821449,Ακάκι,Nicosia,2026-09-13,2026-09-13
9ba59175b8fa,ESSO,Π. & Φ. ΖΑΝΤΗ ΛΙΜΙΤΕΔ,Λεωφ. Αρχ. Μακαρίου Γ΄ 65 Τ.Κ 1070,22375297,Λευκωσία,Nicosia,2026-09-13,2026-09-13
2d7b1e4bf3fa,FILL N GO,KNM CITYOIL LIMITED,Λεωφ. Λάρνακος 184 Τ.Κ 2103,70070062,Αγλαντζιά,Nicosia,2026-09-13,2026-09-13
4d8c91cbdf87,FILL N GO,M.G. PETROL SERVICES LTD,Σταδίου 9 (Χαλεπιανές) Τ.Κ 2571,22524580,Πέρα Χωριό Νήσου,Nicosia,2026-09-13,2026-09-13
73805dddf7aa,PETROLINA,A.C.C. AVRAAM ENTERPRISES LIMITED,Λεωφ. Λουκή Ακρίτα 15 Τ.Κ 1100,22771700,Λευκωσία,Nicosia,2026-09-13,2026-09-13
5dd7d7a9710d,PETROLINA,C.A.R.S PETROL STATION C.P. LTD,Γιάννου Κρανιδιώτη 247 Τ.Κ 2233,22312313,Λατσιά,Nicosia,2026-09-13,2026-09-13
1a16860d8e30,PETROLINA,Eleni Savva,Κώστα Λοϊζου 195 Τ.Κ,26812900,Κάτω Πύργος,Nicosia,2026-09-13,2026-09-13
0f0ceccc2b7e,PETROLINA,J & S PETROL STATION LIMITED,Γρηγόρη Αυξεντίου 30 Τ.Κ 2368,22775117,Άγιος Δομέτιος,Nicosia,2026-09-13,2026-09-13
1b148a05085c,PETROLINA,MICHALIS KNEKNAS TRADING LTD,"Γρηγόρη Αυξεντίου 76, Κοκκινοτριμιθιά Τ.Κ 2660",22834160,Κοκκινοτριμιθιά,Nicosia,2026-09-13,2026-09-13
04eb0dc6ce16,PETROLINA,NAVATA PETROL LTD,Γωνία Ναυαρίνου 10 & Ταγματάρχου Πουλίου Τ.Κ 1100,22775886,Άγιος Δομέτιος,Nicosia,2026-09-13,2026-09-13
0cd6f55cdb37,PETROLINA,PETROLINA (HOLDINGS) PUBLIC LIMITED,Λεωφ. Νίκης 1 Τ.Κ 1086,22347010,Λευκωσία,Nicosia,2026-09-13,2026-09-13
6e239d2282b3,PETROLINA,PETROLINA (HOLDINGS) PUBLIC LIMITED,Λεωφ. Καντάρας 78 Τ.Κ 1027,22433293,Καϊμακλί,Nicosia,2026-09-13,2026-09-13
97bbb156e70b,PETROLINA,PETROLINA (HOLDINGS) PUBLIC LIMITED,"Λεωφ. Λεμεσού, Νήσου Τ.Κ 2571",22489548,Πέρα Χωριό Νήσου,Nicosia,2026-09-13,2026-09-13
09f80e0d2a27,PETROLINA,PETROLINA (HOLDINGS) PUBLIC LIMITED,Λεωφ. Αμμοχώστου 67 Τ.Κ 1048,22730333,Παλλουριώτισσα,Nicosia,2026-09-13,2026-09-13
73117467c0c8,PETROLINA,PETROLINA (HOLDINGS) PUBLIC LIMITED,"Λεωφ. Αρχ. Μακαρίου Γ΄2, Πέρα Χωριό Τ.Κ 2572",22521930,Πέρα Χωριό Νήσου,Nicosia,2026-09-13,2026-09-13
123bfd0e9e3a,PETROLINA,PETROLINA (HOLDINGS) PUBLIC LIMITED,"Λεωφ. Τσερίου 20, Νήσου (Χαλεπιανές) Τ.Κ 2571",22483355,Πέρα Χωριό Νήσου,Nicosia,2026-09-13,2026-09-13
30e807950de4,PETROLINA,PETROLINA (HOLDINGS) PUBLIC LIMITED,"Λεωφ. Αρχ. Μακαρίου Γ΄ 79, Αστρομερίτης Τ.Κ 2722",22823774,Αστρομερίτης,Nicosia,2026-09-13,2026-09-13
ba65517bf3ed,PETROLINA,PETROLINA (HOLDINGS) PUBLIC LIMITED,Αρχ. Μακαρίου Γ΄ 17 Τ.Κ 2800,22922437,Κακοπετριά,Nicosia,2026-09-13,2026-09-13
3fdaa889148c,PETROLINA,PETROLINA (HOLDINGS) PUBLIC LIMITED,Λεωφ. Λεμεσού 9 Τ.Κ 2112,22331138,Αγλαντζιά,Nicosia,2026-09-13,2026-09-13
119d69819e8d,PETROLINA,PETROLINA (HOLDINGS) PUBLIC LIMITED,Λεωφ. Σπ. Κυπριανού 22 Τ.Κ 2237,22467548,Λατσιά,Nicosia,2026-09-13,2026-09-13
cfe2df3cdc21,PETROLINA,PETROLINA (HOLDINGS) PUBLIC LIMITED,Κύριος Δρόμος Πεδουλά – Προδρόμου Τ.Κ 2850,22952639,Πεδουλάς,Nicosia,2026-09-13,2026-09-13
bcb9accad3db,PETROLINA,PETROLINA (HOLDINGS) PUBLIC LIMITED,Λεωφ. Στροβόλου 279 Τ.Κ 2048,22326064,Στρόβολος,Nicosia,2026-09-13,2026-09-13
792650a717af,PETROLINA,POWERPULLS LIMITED,Λεωφ. Αρχ. Μακαρίου Γ΄ 89 Τ.Κ 1071,22376724,Λευκωσία,Nicosia,2026-09-13,2026-09-13
24f260ef3191,PETROLINA,ΑΓΓΕΛΗΣ ΧΡ. ΨΥΛΛΟΣ ΚΑΙ ΥΙΟΣ ΛΙΜΙΤΕΔ,Γ. Κρανιδιώτη 47 Τ.Κ 2220,22481428,Λατσιά,Nicosia,2026-09-13,2026-09-13
91d7bee2fcf0,PETROLINA,ΑΔΕΛΦΟΙ Π & Π ΧΡΙΣΤΟΔΟΥΛΟΥ ΛΙΜΙΤΕΔ,"Λεωφ. Κυριάκου Μάτση 28, Αγ.Ομολογητές Τ.Κ 1082",22317129,Λευκωσία,Nicosia,2026-09-13,2026-09-13
ea232bbb0de1,PETROLINA,Γ. & Δ. ΧΡΙΣΤΟΔΟΥΛΟΥ ΛΙΜΙΤΕΔ,Λεωφ. Αθαλάσσας 113 Τ.Κ 2024,22421258,Δασούπολη,Nicosia,2026-09-13,2026-09-13
5b6d76f60256,PETROLINA,Δ. ΚΤΩΡΙΔΗΣ & ΥΙΟΣ ΛΤΔ,Λεωφ. Λάρνακος 5 Τ.Κ 1035,22349326,Λευκωσία,Nicosia,2026-09-13,2026-09-13
896e4ee2aacd,PETROLINA,ΚΩΣΤΑΚΗΣ Δ. ΚΩΝΣΤΑΝΤΙΝΟΥ,Λεωφ. Γ.Γρίβα Διγενή 17 Τ.Κ 1082,22765623,Λευκωσία,Nicosia,2026-09-13,2026-09-13
82d0d5b8a85f,PETROLINA,Π. ΛΟΙΖΟΥ & ΥΙΟΙ ΛΙΜΙΤΕΔ,Λεωφ. Στροβόλου 60 Τ.Κ 2018,22422060,Στρόβολος,Nicosia,2026-09-13,2026-09-13
772be93750d2,SHELL,CHRYSANTHOS CHRYSANTHOU BUSINESS LTD,Αρχ. Μακαρίου Γ' 126 Τ.Κ 2827,22924292,Γαλάτα,Nicosia,2026-09-13,2026-09-13
2435de52a3ba,SHELL,CORAL ENERGY PRODUCTS CYPRUS LTD,Λεωφ. Αμμοχώστου 57 Τ.Κ 1016,22347110,Παλλουριώτισσα,Nicosia,2026-09-13,2026-09-13
67516854f59e,SHELL,CORAL ENERGY PRODUCTS CYPRUS LTD,Λεωφ. Αθαλάσσας 33 Τ.Κ 2012,22025430,Στρόβολος,Nicosia,2026-09-13,2026-09-13
41841cb23dbd,SHELL,CORAL ENERGY PRODUCTS CYPRUS LTD,Tσερίου 36 Νήσου (Χαλεπιανές) Τ.Κ 2571,22485563,Πέρα Χωριό Νήσου,Nicosia,2026-09-13,2026-09-13
bc3de85eae09,SHELL,CORAL ENERGY PRODUCTS CYPRUS LTD,Λεωφ. Λεμεσού 5 Τ.Κ 2563,22496037,Αλάμπρα,Nicosia,2026-09-13,2026-09-13
2d1dc84554ad,SHELL,CORAL ENERGY PRODUCTS CYPRUS LTD,Λεωφ. Αρχ. Μακαρίου Γ΄ 276 Τ.Κ 2311,22050045,Λακατάμεια,Nicosia,2026-09-13,2026-09-13
14ab75b4aa66,SHELL,CORAL ENERGY PRODUCTS CYPRUS LTD,Λεωφ. Τσερίου 228 Τ.Κ 2044,22322871,Στρόβολος,Nicosia,2026-09-13,2026-09-13
f06cc2016c8b,SHELL,CORAL ENERGY PRODUCTS CYPRUS LTD,"Λεωφ. Λευκωσίας 74, Περιστερώνα Τ.Κ 2731",22821555,Περιστερώνα,Nicosia,2026-09-13,2026-09-13
a63d37840b3e,SHELL,CORAL ENERGY PRODUCTS CYPRUS LTD,"Λεωφ. Αρχ. Μακαρίου Γ΄44, Κλήρου Τ.Κ 2600",22632327,Κλήρου,Nicosia,2026-09-13,2026-09-13
0aefcb943b9f,SHELL,CORAL ENERGY PRODUCTS CYPRUS LTD,Λεωφ. Γρηγόρη Αυξεντίου 16 Τ.Κ 2368,22778752,Άγιος Δομέτιος,Nicosia,2026-09-13,2026-09-13
f3cb3f8d3a20,SHELL,CORAL ENERGY PRODUCTS CYPRUS LTD,Λεωφ. Κυριάκου Μάτση 54 Τ.Κ 2368,22449148,Άγιος Δομέτιος,Nicosia,2026-09-13,2026-09-13
08c3056f889a,SHELL,MOROTON ENTERPRISES LIMITED,Αρχ. Μακαρίου Γ' 11 Τ.Κ 2800,22922335,Κακοπετριά,Nicosia,2026-09-13,2026-09-13
5a578950625a,SHELL,OMNI FUEL POINT LTD,Λεωφ. Αρχ. Μακαρίου Γ΄ 49 Τ.Κ 1065,22753252,Λευκωσία,Nicosia,2026-09-13,2026-09-13
9cbdb349d454,SHELL,ΑΝΔΡΕΑΣ ΔΩΡΟΘΕΟΥ & ΥΙΟΙ ΛΙΜΙΤΕΔ,Λεωφ. Λόρδου Βύρωνος 5 Τ.Κ 1096,22674988,Λευκωσία,Nicosia,2026-09-13,2026-09-13
3fef2e98f65b,SHELL,Κ. ΚΟΦΤΕΡΟΣ & Γ. ΓΕΡΟΥ ΛΙΜΙΤΕΔ,Κινύρα 9 Τ.Κ 1102,22664520,Λευκωσία,Nicosia,2026-09-13,2026-09-13
5fc48382973b,SHELL,ΠΑΥΛΟΣ ΔΙΑΚΟΣ & ΥΙΟΙ (ΠΕΤΡΕΛΑΙΟΕΙΔΗ) ΛΙΜΙΤΕΔ,Γρηγόρη Αυξεντίου Ακάκι Τ.Κ 2720,22821452,Ακάκι,Nicosia,2026-09-13,2026-09-13
49f291bb3d72,SHELL,ΣΟΦΟΚΛΗΣ ΣΟΦΟΚΛΕΟΥΣ,Πουλίου και Καποτά 6 Τ.Κ 1035,22349984,Παλλουριώτισσα,Nicosia,2026-09-13,2026-09-13
f4d2b1d30ed4,STAROIL,STAROIL (CYPRUS) LTD,Κώστα Μισιαούλη 168 Τ.Κ 2480,22370234,Τσέρι,Nicosia,2026-09-13,2026-09-13
507f1f44e378,STAROIL,STAROIL (CYPRUS) LTD,"Γρηγόρη Αυξεντίου 29, Πέρα Ορεινής Τ.Κ 2650",22621264,Πέρα Ορεινής,Nicosia,2026-09-13,2026-09-13
a3c0cf5666e0,STAROIL,STAROIL (CYPRUS) LTD,Λεωφ. Αγίου Γεωργίου 107 Τ.Κ 2304,22371550,Λακατάμεια,Nicosia,2026-09-13,2026-09-13
7b3d6f74a132,STAROIL,STAROIL (CYPRUS) LTD,"Μεγάλου Αλεξάνδρου 46, Παλιομέτοχο Τ.Κ 2682",22832066,Παλιομέτοχο,Nicosia,2026-09-13,2026-09-13
5d55628ec03b,STAROIL,STAROIL (CYPRUS) LTD,"Ακανθούς 4, Πάνω Δευτερά Τ.Κ 2460",22575112,Δευτερά,Nicosia,2026-09-13,2026-09-13
b0e8f28941c2,STAROIL,STAROIL (CYPRUS) LTD,Πεύκου 71 Τ.Κ 2326,22313771,Λακατάμεια,Nicosia,2026-09-13,2026-09-13
d9f037ee2555,STAROIL,STAROIL (CYPRUS) LTD,Λεωφ. Αρχ. Μακαρίου Γ΄ 54 Τ.Κ 2324,22780022,Λακατάμεια,Nicosia,2026-09-13,2026-09-13
bcfe91ea09aa,STAROIL,STAROIL (CYPRUS) LTD,Λεώφ. Μητροπολίτη Χρύσανθου Σαριγιάννη 110 Τ.Κ 2831,22575173,Ευρύχου,Nicosia,2026-09-13,2026-09-13
2be80460e2e6,EKO,G & K Kouppas Ltd,Κωνσταντινουπόλεως 2 Τ.Κ 8820,26321515,Πόλης Χρυσοχούς,Paphos,2026-09-13,2026-09-13
e02b4792b83a,EKO,G.M. (LEONTIOS) LIMITED,Γρίβα Διγενή 20 Τ.Κ 8873,26321500,Αργάκα,Paphos,2026-09-13,2026-09-13
0c0bfa6b6769,EKO,J.K PETROL STATION AND CARWASH LTD,Δημοκρατίας 91 Τ.Κ 8028,26221190,Πάφος,Paphos,2026-09-13,2026-09-13
15cf154d622b,EKO,M.T. EFTHIMIOU ENTERPRISES LTD,Λεωφ. Αρχ.Μακαρίου Γ' 4 Τ.Κ 8250,26273244,Έμπα,Paphos,2026-09-13,2026-09-13
ac84fe0ca4a9,EKO,N & C FAKONDIS BROS PETROLEUM LTD,Λεωφ. Αρχ. Μακαρίου Γ' 31 Τ.Κ 8200,26962471,Γεροσκήπου,Paphos,2026-09-13,2026-09-13
a8a9b3e4e12f,EKO,R.A.M. OIL CYPRUS LIMITED,εντός Διεθνούς Αεροδρομίου Πάφου Τ.Κ 8507,26222001,Τίμη,Paphos,2026-09-13,2026-09-13
f4ab2c452dea,EKO,R.A.M. OIL CYPRUS LIMITED,Μανδριά Τ.Κ 8504,26422230,Μανδριά,Paphos,2026-09-13,2026-09-13
0a5e60e91490,EKO,R.A.M. OIL CYPRUS LIMITED,Σπύρου Κυπριανού και Σωτηράκη Μαρκίδη Τ.Κ 8041,26949140,Πάφος,Paphos,2026-09-13,2026-09-13
b994933d2448,EKO,R.A.M. OIL CYPRUS LIMITED,Λεωφ. Μιχαλάκη Κυπριανού 121 Τ.Κ 8560,26343943,Πέγεια,Paphos,2026-09-13,2026-09-13
34932a59bf86,EKO,R.A.M. OIL CYPRUS LIMITED,Λεωφ. Χλώρακας 104 - 106 Τ.Κ 8220,26967073,Χλώρακα,Paphos,2026-09-13,2026-09-13
f5945935bb49,EKO,S. KALLIKAS LIMITED,Δρόμος Κάθικα - Πάνω Αρόδες Τ.Κ 8703,26652654,Αρόδες,Paphos,2026-09-13,2026-09-13
122aa6b021d2,EKO,S. KALLIKAS LIMITED,Λεωφ. Αγ.Γεωργίου 82 Τ.Κ 8560,26621132,Πέγεια,Paphos,2026-09-13,2026-09-13
7c12967369e5,EKO,SPECTO LTD,Λεωφ. Έμπας 144 Τ.Κ 8250,26270301,Έμπα,Paphos,2026-09-13,2026-09-13
c6158b4fcb5f,EKO,ΑΝΔΡΕΑΣ Μ. ΚΟΜΜΑΤΟΣ ΛΙΜΙΤΕΔ,Λεώφ. Αποστόλου Παύλου 20 Τ.Κ 8046,26932437,Πάφος,Paphos,2026-09-13,2026-09-13
fcc769f17c2b,ENI,P. DIOGENOUS PETROL STATION LTD,Λεωφ. Μεσόγης 87 Τ.Κ 8280,26946925,Μεσόγη,Paphos,2026-09-13,2026-09-13
0bc666d07f6e,ENI,PETROLINA (HOLDINGS) PUBLIC LIMITED,Λεωφ. Κυριάκου Μάτση Τ.Κ 8300,26322007,Κονιά,Paphos,2026-09-13,2026-09-13
1bae28692c95,ENI,Κ. ΜΑΡΜΑΡΑΣ ΠΕΤΡΕΛΑΙΟΕΙΔΗ ΛΙΜΙΤΕΔ,Τάφοι των Βασιλέων 108 Τ.Κ 8015,26932429,Τάφοι των Βασιλέων,Paphos,2026-09-13,2026-09-13
71f50aee8649,ESSO,"""ΑΔΕΛΦΟΙ ΚΟΥΡΙΔΗ ΛΙΜΙΤΕΔ""",Ευαγόρα Παλληκαρίδη 53 Τ.Κ 8010,26933657,Πάφος,Paphos,2026-09-13,2026-09-13
b0bfb1dc3b5b,ESSO,LINERIA SERVICES LTD,Λεωφ. Αρχ. Μακαρίου Γ' 80 Τ.Κ 8221,26271020,Χλώρακα,Paphos,2026-09-13,2026-09-13
b8ca587237dd,ESSO,SONSIRE HOLDINGS LTD,Ασπρόκρεμου 10 Τ.Κ 8505,26222507,Νικόκλεια,Paphos,2026-09-13,2026-09-13
aec251ff51dc,ESSO,SONSIRE HOLDINGS LTD,Γρίβα Διγενή 68 Τ.Κ 8873,26323237,Αργάκα,Paphos,2026-09-13,2026-09-13
70804ad4c6ed,ESSO,SPLS TRADING CO LIMITED,Λεωφ. Δημοκρατίας 41 Τ.Κ 8028,26952346,Πάφος,Paphos,2026-09-13,2026-09-13
0e4663dea41e,ESSO,Δ.Α. ΠΑΠΑΣΑΒΒΑΣ ΛΙΜΙΤΕΔ,Λεωφ. Μεσόγης 51 Τ.Κ 8280,26819145,Μεσόγη,Paphos,2026-09-13,2026-09-13
d63746beb1b5,ESSO,Π. ΚΟΚΚΙΝΟΣ ΠΕΤΡΕΛΑΙΟΕΙΔΗ ΛΤΔ,Ελευθερίας 1 Τ.Κ 8550,26632440,Στρουμπί,Paphos,2026-09-13,2026-09-13
e796a9d3d435,ESSO,ΧΑΡΙΛΑΟΣ ΔΑΝΙΗΛ ΛΙΜΙΤΕΔ,Τάφοι των Βασιλέων 82 Τ.Κ 8015,26933861,Τάφοι των Βασιλέων,Paphos,2026-09-13,2026-09-13
74c4f4a42210,PETROLINA,IOSIF. P. IOSIF TRADING LIMITED,Μαρίου 10 Τ.Κ 8820,26321425,Πόλης Χρυσοχούς,Paphos,2026-09-13,2026-09-13
996e90f70398,PETROLINA,NIGHTGARDEN LTD,Αρσινόης & Αρχ. Μακαρίου Γ΄ 32 Τ.Κ 8830,26321331,Πόλης Χρυσοχούς,Paphos,2026-09-13,2026-09-13
1552d6c63ab2,PETROLINA,PETROLINA (HOLDINGS) PUBLIC LIMITED,Λεωφ. Αρχ. Μακαρίου Γ' 105 Τ.Κ 8200,26963231,Γεροσκήπου,Paphos,2026-09-13,2026-09-13
83e2c7cccb9a,PETROLINA,PETROLINA (HOLDINGS) PUBLIC LIMITED,Λεωφ. Ευρώπης 11 Τ.Κ 8042,26600022,Γεροσκήπου,Paphos,2026-09-13,2026-09-13
87bc9a5f5af2,PETROLINA,PETROLINA (HOLDINGS) PUBLIC LIMITED,Λεώφ. Αγίου Γεωργίου Τ.Κ 8560,26622612,Πέγεια,Paphos,2026-09-13,2026-09-13
64e46f2932df,PETROLINA,PETROLINA (HOLDINGS) PUBLIC LIMITED,Ευαγόρα Παλληκαρίδη 105 Τ.Κ 8010,26932185,Πάφος,Paphos,2026-09-13,2026-09-13
d6e5e190801d,SHELL,CORAL ENERGY PRODUCTS CYPRUS LTD,Δρόμος Πάφου - Πόλης Χρυσοχούς Τ.Κ 8850,26021282,Γουδί,Paphos,2026-09-13,2026-09-13
b431bffa5187,SHELL,CORAL ENERGY PRODUCTS CYPRUS LTD,Λεωφ. Αρχ. Μακαρίου Γ' 33 Τ.Κ 8820,26020010,Πόλης Χρυσοχούς,Paphos,2026-09-13,2026-09-13
2bb2812d2829,SHELL,CORAL ENERGY PRODUCTS CYPRUS LTD,Ευαγόρα Παλληκαρίδη 10 Τ.Κ 8010,26932494,Πάφος,Paphos,2026-09-13,2026-09-13
02712f946c71,SHELL,ONELZIG LTD,Αρχ. Μακαρίου Γ' 3 Τ.Κ 8507,26423777,Τίμη,Paphos,2026-09-13,2026-09-13
70b0af332d9f,STAROIL,STAROIL (CYPRUS) LTD,Λεωφ. Χλώρακας 70 Τ.Κ 8220,26812600,Χλώρακα,Paphos,2026-09-13,2026-09-13
54d562b7ab71,TOTAL PLUS,CIRCLEOFFICES LTD,Λεωφ.Αφροδίτης 21 Τ.Κ 8270,26654694,Τρεμιθούσα,Paphos,2026-09-13,2026-09-13
f2f4e4925f53,TOTAL PLUS,TOTAL PLUS LIMITED,Αγίου Γεωργίου Νικοξυλίτη 75 Τ.Κ 8700,26843256,Δρούσια,Paphos,2026-09-13,2026-09-13
