date,reported_total,distinct,available,with_unit_price,promo_with_original_price,promo_labelled,new,changed,delisted,relisted
2026-09-12,15207,15207,,9790,1445,,15207,0,0,0
2026-09-13,15214,15214,15214,9796,1445,3813,0,4,0,0
2026-09-14,15214,15214,15214,9796,1244,3611,0,222,0,0
2026-09-15,15219,15219,15219,9801,1248,3625,5,276,0,0
2026-09-16,15227,15227,15227,9811,1249,3646,11,384,3,0
2026-09-17,15203,15203,15203,9802,1264,3659,3,438,27,0
2026-09-18,15186,15186,15186,9791,1251,3657,1,354,18,0
2026-09-19,15195,15195,15195,9800,1257,3688,0,0,0,0
2026-09-20,15195,15195,15195,9800,1257,3683,0,443,0,0
2026-09-21,15195,15195,15195,9800,1257,3686,0,232,0,0
2026-09-22,15195,15195,15195,9800,1257,3684,0,248,0,0
2026-09-23,15214,15214,15214,9820,1318,3766,21,383,2,0
2026-09-24,15200,15200,15200,9807,1315,3764,2,432,16,0
2026-09-25,15200,15200,15200,9807,1341,3801,1,360,1,0
2026-09-26,15206,15206,15206,9810,1353,3802,6,417,0,0
2026-09-27,15206,15206,15206,9810,1355,3824,0,300,0,0
2026-09-28,15206,15206,15206,9810,1354,3822,0,237,0,0
2026-09-29,15207,15207,15207,9811,1355,3823,1,300,0,0
2026-09-30,15200,15200,15200,9811,1570,4149,12,647,19,0
2026-10-01,15193,15193,15193,9797,861,3206,46,3036,53,0
2026-10-02,15190,15190,15190,9794,869,3194,0,1254,3,0
2026-10-03,15195,15195,15195,9799,874,3210,5,293,0,0
2026-10-04,15195,15195,15195,9799,874,3193,0,327,0,0
2026-10-05,15195,15195,15195,9798,873,3217,0,344,0,0
2026-10-06,15211,15211,15211,9879,884,3238,24,150,8,0
2026-10-07,15211,15211,15211,9814,883,3247,0,723,0,0
2026-10-08,15389,15389,15389,9866,888,3257,202,382,24,0
