date,key,station_id,fuel,event,price,prev_price
2026-10-05,1044095b4cde:unleaded95,1044095b4cde,unleaded95,change,1.737,1.717
2026-10-05,1b148a05085c:unleaded95,1b148a05085c,unleaded95,change,1.729,1.695
2026-10-05,73805dddf7aa:unleaded95,73805dddf7aa,unleaded95,change,1.756,1.739
2026-10-05,428b07ccf758:unleaded95,428b07ccf758,unleaded95,change,1.757,1.747
2026-10-05,54ff5ad55f16:unleaded95,54ff5ad55f16,unleaded95,change,1.799,1.789
2026-10-05,ab868b4b332e:unleaded95,ab868b4b332e,unleaded95,change,1.758,1.698
2026-10-05,b08cefca3ef4:unleaded95,b08cefca3ef4,unleaded95,change,1.799,1.765
2026-10-05,59fe848dcc1d:unleaded95,59fe848dcc1d,unleaded95,change,1.727,1.717
2026-10-05,772be93750d2:unleaded95,772be93750d2,unleaded95,change,1.722,1.692
2026-10-05,41841cb23dbd:unleaded95,41841cb23dbd,unleaded95,change,1.699,1.685
2026-10-05,bc3de85eae09:unleaded95,bc3de85eae09,unleaded95,change,1.709,1.695
2026-10-05,2d1dc84554ad:unleaded95,2d1dc84554ad,unleaded95,change,1.717,1.697
2026-10-05,14ab75b4aa66:unleaded95,14ab75b4aa66,unleaded95,change,1.719,1.699
2026-10-05,f3cb3f8d3a20:unleaded95,f3cb3f8d3a20,unleaded95,change,1.738,1.727
2026-10-05,0aefcb943b9f:unleaded95,0aefcb943b9f,unleaded95,change,1.738,1.727
2026-10-05,a63d37840b3e:unleaded95,a63d37840b3e,unleaded95,change,1.739,1.724
2026-10-05,f06cc2016c8b:unleaded95,f06cc2016c8b,unleaded95,change,1.739,1.737
2026-10-05,daf0981942c3:unleaded95,daf0981942c3,unleaded95,change,1.689,1.669
2026-10-05,32039ce18953:unleaded95,32039ce18953,unleaded95,change,1.727,1.717
2026-10-05,1a16860d8e30:unleaded95,1a16860d8e30,unleaded95,change,1.780,1.765
2026-10-05,ed2f040407db:unleaded95,ed2f040407db,unleaded95,change,1.717,1.697
2026-10-05,4ac8836fa7fb:unleaded95,4ac8836fa7fb,unleaded95,change,1.727,1.717
2026-10-05,77450002346a:unleaded95,77450002346a,unleaded95,change,1.739,1.718
2026-10-05,01ce074bf8e9:unleaded95,01ce074bf8e9,unleaded95,change,1.799,1.789
2026-10-05,9cf1024093d0:unleaded95,9cf1024093d0,unleaded95,change,1.740,1.724
2026-10-05,d81649f97c28:unleaded95,d81649f97c28,unleaded95,change,1.779,1.769
2026-10-05,d825945d0dc1:unleaded95,d825945d0dc1,unleaded95,change,1.725,1.697
2026-10-05,08c3056f889a:unleaded95,08c3056f889a,unleaded95,change,1.723,1.729
2026-10-05,5bbb1e8908dc:unleaded95,5bbb1e8908dc,unleaded95,change,1.757,1.747
2026-10-05,5a578950625a:unleaded95,5a578950625a,unleaded95,change,1.755,1.739
2026-10-05,ba65517bf3ed:unleaded95,ba65517bf3ed,unleaded95,change,1.723,1.692
2026-10-05,3fdaa889148c:unleaded95,3fdaa889148c,unleaded95,change,1.740,1.724
2026-10-05,30e807950de4:unleaded95,30e807950de4,unleaded95,change,1.740,1.739
2026-10-05,792650a717af:unleaded95,792650a717af,unleaded95,change,1.755,1.739
2026-10-05,40e8c72b6e83:unleaded95,40e8c72b6e83,unleaded95,change,1.789,1.769
2026-10-05,aea2d6e66b8f:unleaded95,aea2d6e66b8f,unleaded95,change,1.739,1.729
2026-10-05,40108258c169:unleaded95,40108258c169,unleaded95,new,1.699,
2026-10-05,3dc149493178:unleaded95,3dc149493178,unleaded95,change,1.709,1.698
2026-10-05,d59f16d1ea1f:unleaded95,d59f16d1ea1f,unleaded95,change,1.709,1.695
2026-10-05,2676e12059bc:unleaded95,2676e12059bc,unleaded95,change,1.719,1.697
2026-10-05,99e322d6ea26:unleaded95,99e322d6ea26,unleaded95,change,1.719,1.699
2026-10-05,42e035b752d8:unleaded95,42e035b752d8,unleaded95,change,1.739,1.724
2026-10-05,43962c7fecd8:unleaded95,43962c7fecd8,unleaded95,change,1.739,1.724
2026-10-05,458aa789203d:unleaded95,458aa789203d,unleaded95,change,1.739,1.724
2026-10-05,8d38472ccb06:unleaded95,8d38472ccb06,unleaded95,change,1.739,1.724
2026-10-05,cc747759de94:unleaded95,cc747759de94,unleaded95,change,1.739,1.724
2026-10-05,6ca3bacda2ef:unleaded95,6ca3bacda2ef,unleaded95,change,1.739,1.724
2026-10-05,e6d810278243:unleaded95,e6d810278243,unleaded95,change,1.739,1.724
2026-10-05,42462b695ab2:unleaded95,42462b695ab2,unleaded95,change,1.739,1.724
2026-10-05,187618635ba0:unleaded95,187618635ba0,unleaded95,change,1.739,1.724
2026-10-05,4f835e812e0f:unleaded95,4f835e812e0f,unleaded95,change,1.739,1.724
2026-10-05,0fa89e115816:unleaded95,0fa89e115816,unleaded95,change,1.740,1.724
2026-10-05,0f4f50ae5f90:unleaded95,0f4f50ae5f90,unleaded95,change,1.740,1.724
2026-10-05,a1cbb4c4a9c8:unleaded95,a1cbb4c4a9c8,unleaded95,change,1.740,1.724
2026-10-05,5a78a7364d62:unleaded95,5a78a7364d62,unleaded95,change,1.740,1.724
2026-10-05,da0b210a2136:unleaded95,da0b210a2136,unleaded95,change,1.740,1.739
2026-10-05,0708c47ecb63:unleaded95,0708c47ecb63,unleaded95,change,1.740,1.724
2026-10-05,293b8fa19bf7:unleaded95,293b8fa19bf7,unleaded95,change,1.740,1.724
2026-10-05,dc18f4cb1ad3:unleaded95,dc18f4cb1ad3,unleaded95,change,1.740,1.697
2026-10-05,61489bbd24f4:unleaded95,61489bbd24f4,unleaded95,change,1.799,1.769
2026-10-05,f4d2b1d30ed4:unleaded95,f4d2b1d30ed4,unleaded95,change,1.717,1.697
2026-10-05,507f1f44e378:unleaded95,507f1f44e378,unleaded95,change,1.717,1.697
2026-10-05,a3c0cf5666e0:unleaded95,a3c0cf5666e0,unleaded95,change,1.717,1.697
2026-10-05,7b3d6f74a132:unleaded95,7b3d6f74a132,unleaded95,change,1.717,1.697
2026-10-05,5d55628ec03b:unleaded95,5d55628ec03b,unleaded95,change,1.717,1.697
2026-10-05,b0e8f28941c2:unleaded95,b0e8f28941c2,unleaded95,change,1.717,1.697
2026-10-05,d9f037ee2555:unleaded95,d9f037ee2555,unleaded95,change,1.717,1.697
2026-10-05,bcfe91ea09aa:unleaded95,bcfe91ea09aa,unleaded95,change,1.725,1.697
2026-10-05,8899ec50983b:unleaded95,8899ec50983b,unleaded95,change,1.729,1.699
2026-10-05,b979b66dc2a8:unleaded95,b979b66dc2a8,unleaded95,change,1.717,1.697
2026-10-05,69fd22d4956b:unleaded95,69fd22d4956b,unleaded95,change,1.727,1.717
2026-10-05,7b205bef86bd:unleaded95,7b205bef86bd,unleaded95,change,1.709,1.695
2026-10-05,5f6aecc094a5:unleaded95,5f6aecc094a5,unleaded95,change,1.706,1.696
2026-10-05,9cbdb349d454:unleaded95,9cbdb349d454,unleaded95,change,1.755,1.739
2026-10-05,5fd49366646f:unleaded95,5fd49366646f,unleaded95,change,1.759,1.729
2026-10-05,5b6d76f60256:unleaded95,5b6d76f60256,unleaded95,change,1.689,1.669
2026-10-05,79c9bc2be4e7:unleaded95,79c9bc2be4e7,unleaded95,change,1.709,1.685
2026-10-05,dacff0faaefb:unleaded95,dacff0faaefb,unleaded95,change,1.709,1.685
2026-10-05,3fef2e98f65b:unleaded95,3fef2e98f65b,unleaded95,change,1.755,1.729
2026-10-05,896e4ee2aacd:unleaded95,896e4ee2aacd,unleaded95,change,1.717,1.697
2026-10-05,4b3ea41ef444:unleaded95,4b3ea41ef444,unleaded95,change,1.729,1.719
2026-10-05,b99043294256:unleaded95,b99043294256,unleaded95,change,1.717,1.697
2026-10-05,b7ed85fcf4b7:unleaded95,b7ed85fcf4b7,unleaded95,change,1.748,1.738
2026-10-05,9ba59175b8fa:unleaded95,9ba59175b8fa,unleaded95,change,1.759,1.749
2026-10-05,7c3d4980155f:unleaded95,7c3d4980155f,unleaded95,change,1.749,1.739
2026-10-05,5fc48382973b:unleaded95,5fc48382973b,unleaded95,change,1.747,1.737
2026-10-05,29adfa02acca:unleaded95,29adfa02acca,unleaded95,change,1.720,1.697
2026-10-05,49f291bb3d72:unleaded95,49f291bb3d72,unleaded95,change,1.739,1.729
2026-10-05,a78f59d05bcd:unleaded95,a78f59d05bcd,unleaded95,change,1.709,1.695
2026-10-05,bbe6fff4e9d1:unleaded95,bbe6fff4e9d1,unleaded95,change,1.752,1.742
2026-10-05,bda8d48d501e:unleaded95,bda8d48d501e,unleaded95,change,1.757,1.747
2026-10-05,cfd3fe33b227:unleaded95,cfd3fe33b227,unleaded95,change,1.747,1.727
2026-10-05,1ef5b819726d:unleaded95,1ef5b819726d,unleaded95,change,1.779,1.739
2026-10-05,018228a5741c:unleaded95,018228a5741c,unleaded95,change,1.756,1.746
2026-10-05,96a9e00b5b6d:unleaded95,96a9e00b5b6d,unleaded95,change,1.719,1.709
2026-10-05,3c3fdd29b8f7:unleaded95,3c3fdd29b8f7,unleaded95,change,1.719,1.709
2026-10-05,ca9163f0f3f8:unleaded95,ca9163f0f3f8,unleaded95,change,1.747,1.737
2026-10-05,ac585f0e2770:unleaded95,ac585f0e2770,unleaded95,change,1.755,1.739
2026-10-05,b3875ccbca12:unleaded95,b3875ccbca12,unleaded95,change,1.756,1.747
2026-10-05,233254a84b2d:unleaded95,233254a84b2d,unleaded95,change,1.779,1.769
2026-10-05,e2fd268c172a:unleaded95,e2fd268c172a,unleaded95,change,1.759,1.749
2026-10-05,cd323f4673d7:unleaded95,cd323f4673d7,unleaded95,change,1.759,1.749
2026-10-05,c0e5c11d688d:unleaded95,c0e5c11d688d,unleaded95,change,1.759,1.749
2026-10-05,3009230fcbc6:unleaded95,3009230fcbc6,unleaded95,change,1.735,1.718
2026-10-05,7e13d23a29b2:unleaded95,7e13d23a29b2,unleaded95,change,1.755,1.769
2026-10-05,d47ea3209c18:unleaded95,d47ea3209c18,unleaded95,change,1.747,1.727
2026-10-05,89f3721e58ea:unleaded95,89f3721e58ea,unleaded95,change,1.757,1.747
2026-10-05,73e26adc0d93:unleaded95,73e26adc0d93,unleaded95,change,1.749,1.729
2026-10-05,3ede104e6d56:unleaded95,3ede104e6d56,unleaded95,change,1.755,1.737
2026-10-05,d8f54ff2148b:unleaded95,d8f54ff2148b,unleaded95,change,1.749,1.739
2026-10-05,d2ec9f5d093e:unleaded95,d2ec9f5d093e,unleaded95,change,1.759,1.725
2026-10-05,873fd7d21413:unleaded95,873fd7d21413,unleaded95,change,1.746,1.736
2026-10-05,5f1d9d44de4c:unleaded95,5f1d9d44de4c,unleaded95,change,1.717,1.710
2026-10-05,4a09006139d2:unleaded95,4a09006139d2,unleaded95,change,1.717,1.710
2026-10-05,dfc8523796a8:unleaded95,dfc8523796a8,unleaded95,change,1.737,1.735
2026-10-05,e47bff9f4edc:unleaded95,e47bff9f4edc,unleaded95,change,1.737,1.735
2026-10-05,b42e8375c701:unleaded95,b42e8375c701,unleaded95,change,1.752,1.742
2026-10-05,72bd542a8c85:unleaded95,72bd542a8c85,unleaded95,change,1.755,1.739
2026-10-05,89f704207e91:unleaded95,89f704207e91,unleaded95,change,1.756,1.747
2026-10-05,36fb67511673:unleaded95,36fb67511673,unleaded95,change,1.760,1.757
2026-10-05,4a79c5105aa9:unleaded95,4a79c5105aa9,unleaded95,change,1.717,1.695
2026-10-05,dc99e1b517b2:unleaded95,dc99e1b517b2,unleaded95,change,1.735,1.715
2026-10-05,f7018faecfa5:unleaded95,f7018faecfa5,unleaded95,change,1.739,1.724
2026-10-05,567e7e2b96ac:unleaded95,567e7e2b96ac,unleaded95,change,1.739,1.724
2026-10-05,4fd43e7e497c:unleaded95,4fd43e7e497c,unleaded95,change,1.739,1.724
2026-10-05,9746fda18600:unleaded95,9746fda18600,unleaded95,change,1.739,1.724
2026-10-05,e7bfeaa9c428:unleaded95,e7bfeaa9c428,unleaded95,change,1.739,1.724
2026-10-05,503646d494d5:unleaded95,503646d494d5,unleaded95,change,1.739,1.724
2026-10-05,74b8ac0b63cd:unleaded95,74b8ac0b63cd,unleaded95,change,1.739,1.724
2026-10-05,3a0c41beebb7:unleaded95,3a0c41beebb7,unleaded95,change,1.739,1.724
2026-10-05,f8ad88f2d98a:unleaded95,f8ad88f2d98a,unleaded95,change,1.739,1.724
2026-10-05,9bd07aac27bc:unleaded95,9bd07aac27bc,unleaded95,change,1.739,1.724
2026-10-05,25791d087864:unleaded95,25791d087864,unleaded95,change,1.739,1.724
2026-10-05,b27d9f5af2b6:unleaded95,b27d9f5af2b6,unleaded95,change,1.767,1.757
2026-10-05,e2988b40a3b9:unleaded95,e2988b40a3b9,unleaded95,change,1.717,1.695
2026-10-05,1476a096e3ba:unleaded95,1476a096e3ba,unleaded95,change,1.735,1.718
2026-10-05,ed726f0564b7:unleaded95,ed726f0564b7,unleaded95,change,1.759,1.749
2026-10-05,93feddaea003:unleaded95,93feddaea003,unleaded95,change,1.769,1.759
2026-10-05,00e8792b88ef:unleaded95,00e8792b88ef,unleaded95,change,1.757,1.747
2026-10-05,72b865f82639:unleaded95,72b865f82639,unleaded95,change,1.799,1.825
2026-10-05,be850363d55b:unleaded95,be850363d55b,unleaded95,change,1.779,1.759
2026-10-05,f1dfb918aa44:unleaded95,f1dfb918aa44,unleaded95,change,1.747,1.729
2026-10-05,7cb63eb7db4a:unleaded95,7cb63eb7db4a,unleaded95,change,1.755,1.746
2026-10-05,5697a79e3714:unleaded95,5697a79e3714,unleaded95,change,1.753,1.739
2026-10-05,5fdf8a375f2a:unleaded95,5fdf8a375f2a,unleaded95,change,1.757,1.747
2026-10-05,46946a1f650f:unleaded95,46946a1f650f,unleaded95,change,1.759,1.749
2026-10-05,bb62751b98a5:unleaded95,bb62751b98a5,unleaded95,change,1.737,1.727
2026-10-05,ae7fb39a6ec9:unleaded95,ae7fb39a6ec9,unleaded95,change,1.739,1.723
2026-10-05,3d365e518577:unleaded95,3d365e518577,unleaded95,change,1.757,1.747
2026-10-05,de92271f6ac9:unleaded95,de92271f6ac9,unleaded95,change,1.749,1.739
2026-10-05,dce42f6faf2a:unleaded95,dce42f6faf2a,unleaded95,change,1.740,1.724
2026-10-05,a60171704519:unleaded95,a60171704519,unleaded95,change,1.699,1.679
2026-10-05,117c3b6f97d9:unleaded95,117c3b6f97d9,unleaded95,change,1.757,1.747
2026-10-05,66e87f05a350:unleaded95,66e87f05a350,unleaded95,change,1.729,1.717
2026-10-05,7ea7211d094c:unleaded95,7ea7211d094c,unleaded95,change,1.739,1.724
2026-10-05,b2f690bf5cb7:unleaded95,b2f690bf5cb7,unleaded95,change,1.719,1.703
2026-10-05,4ca921929927:unleaded95,4ca921929927,unleaded95,change,1.755,1.739
2026-10-05,d82e742710ef:unleaded95,d82e742710ef,unleaded95,change,1.669,1.677
2026-10-05,565dd6821200:unleaded95,565dd6821200,unleaded95,change,1.729,1.717
2026-10-05,b109dbc73edf:unleaded95,b109dbc73edf,unleaded95,change,1.737,1.724
2026-10-05,71cfa14de08b:unleaded95,71cfa14de08b,unleaded95,change,1.739,1.724
2026-10-05,462ee152ff3b:unleaded95,462ee152ff3b,unleaded95,change,1.739,1.724
2026-10-05,66d305f4af2e:unleaded95,66d305f4af2e,unleaded95,change,1.739,1.724
2026-10-05,17ee7f0dd4f0:unleaded95,17ee7f0dd4f0,unleaded95,change,1.739,1.724
2026-10-05,0effbc30de91:unleaded95,0effbc30de91,unleaded95,change,1.739,1.724
2026-10-05,624124474669:unleaded95,624124474669,unleaded95,change,1.739,1.724
2026-10-05,b20e8e600357:unleaded95,b20e8e600357,unleaded95,change,1.739,1.724
2026-10-05,8f76232b6d53:unleaded95,8f76232b6d53,unleaded95,change,1.735,1.721
2026-10-05,fe4873a2e4a6:unleaded95,fe4873a2e4a6,unleaded95,change,1.739,1.724
2026-10-05,f75770842fc7:unleaded95,f75770842fc7,unleaded95,change,1.755,1.739
2026-10-05,a4ce4b453fac:unleaded95,a4ce4b453fac,unleaded95,change,1.739,1.724
2026-10-05,adc2bba2a282:unleaded95,adc2bba2a282,unleaded95,change,1.727,1.695
2026-10-05,dc094a637823:unleaded95,dc094a637823,unleaded95,change,1.695,1.675
2026-10-05,cf9bb5bb02a6:unleaded95,cf9bb5bb02a6,unleaded95,change,1.699,1.679
2026-10-05,8448a4c5531f:unleaded95,8448a4c5531f,unleaded95,change,1.699,1.689
2026-10-05,acf6a1b651b0:unleaded95,acf6a1b651b0,unleaded95,change,1.695,1.679
2026-10-05,d3095d05dc1e:unleaded95,d3095d05dc1e,unleaded95,change,1.757,1.747
2026-10-05,71f50aee8649:unleaded95,71f50aee8649,unleaded95,change,1.767,1.757
2026-10-05,2bb2812d2829:unleaded95,2bb2812d2829,unleaded95,change,1.759,1.745
2026-10-05,d6e5e190801d:unleaded95,d6e5e190801d,unleaded95,change,1.769,1.758
2026-10-05,b431bffa5187:unleaded95,b431bffa5187,unleaded95,change,1.769,1.759
2026-10-05,2be80460e2e6:unleaded95,2be80460e2e6,unleaded95,change,1.776,1.759
2026-10-05,e02b4792b83a:unleaded95,e02b4792b83a,unleaded95,change,1.776,1.759
2026-10-05,0c0bfa6b6769:unleaded95,0c0bfa6b6769,unleaded95,change,1.776,1.765
2026-10-05,b0bfb1dc3b5b:unleaded95,b0bfb1dc3b5b,unleaded95,change,1.759,1.745
2026-10-05,15cf154d622b:unleaded95,15cf154d622b,unleaded95,change,1.779,1.749
2026-10-05,ac84fe0ca4a9:unleaded95,ac84fe0ca4a9,unleaded95,change,1.768,1.758
2026-10-05,02712f946c71:unleaded95,02712f946c71,unleaded95,change,1.819,1.799
2026-10-05,f4ab2c452dea:unleaded95,f4ab2c452dea,unleaded95,change,1.769,1.745
2026-10-05,0a5e60e91490:unleaded95,0a5e60e91490,unleaded95,change,1.769,1.745
2026-10-05,b994933d2448:unleaded95,b994933d2448,unleaded95,change,1.769,1.726
2026-10-05,34932a59bf86:unleaded95,34932a59bf86,unleaded95,change,1.769,1.745
2026-10-05,a8a9b3e4e12f:unleaded95,a8a9b3e4e12f,unleaded95,change,1.769,1.745
2026-10-05,f5945935bb49:unleaded95,f5945935bb49,unleaded95,change,1.780,1.744
2026-10-05,122aa6b021d2:unleaded95,122aa6b021d2,unleaded95,change,1.769,1.760
2026-10-05,b8ca587237dd:unleaded95,b8ca587237dd,unleaded95,change,1.756,1.746
2026-10-05,aec251ff51dc:unleaded95,aec251ff51dc,unleaded95,change,1.760,1.755
2026-10-05,7c12967369e5:unleaded95,7c12967369e5,unleaded95,change,1.779,1.749
2026-10-05,70804ad4c6ed:unleaded95,70804ad4c6ed,unleaded95,change,1.777,1.767
2026-10-05,70b0af332d9f:unleaded95,70b0af332d9f,unleaded95,change,1.753,1.741
2026-10-05,f2f4e4925f53:unleaded95,f2f4e4925f53,unleaded95,change,1.756,1.743
2026-10-05,c6158b4fcb5f:unleaded95,c6158b4fcb5f,unleaded95,change,1.769,1.759
2026-10-05,d63746beb1b5:unleaded95,d63746beb1b5,unleaded95,change,1.799,1.779
2026-10-05,e796a9d3d435:unleaded95,e796a9d3d435,unleaded95,change,1.778,1.768
2026-10-05,0ed0b92e6d0c:unleaded95,0ed0b92e6d0c,unleaded95,change,1.729,1.739
2026-10-05,216880e896f0:unleaded95,216880e896f0,unleaded95,change,1.747,1.739
2026-10-05,6cbad4fb4f78:unleaded95,6cbad4fb4f78,unleaded95,change,1.755,1.739
2026-10-05,48113cc9c12a:unleaded95,48113cc9c12a,unleaded95,change,1.759,1.747
2026-10-05,c42afad7f35d:unleaded95,c42afad7f35d,unleaded95,change,1.739,1.724
2026-10-05,65b480ad17ec:unleaded95,65b480ad17ec,unleaded95,change,1.739,1.719
2026-10-05,84148c33cbb4:unleaded95,84148c33cbb4,unleaded95,change,1.739,1.724
2026-10-05,743927ebc86a:unleaded95,743927ebc86a,unleaded95,change,1.739,1.719
2026-10-05,cc2e49c3c04f:unleaded95,cc2e49c3c04f,unleaded95,change,1.739,1.719
2026-10-05,92d17347e22a:unleaded95,92d17347e22a,unleaded95,change,1.757,1.747
2026-10-05,320be8d683a2:unleaded95,320be8d683a2,unleaded95,change,1.755,1.739
2026-10-05,50a8f4e8f043:unleaded95,50a8f4e8f043,unleaded95,change,1.750,1.740
2026-10-05,ce3d19ee3c70:unleaded95,ce3d19ee3c70,unleaded95,change,1.759,1.749
2026-10-05,9cfc7d5c5cf3:unleaded95,9cfc7d5c5cf3,unleaded95,change,1.757,1.747
2026-10-05,ea9a4cf7c4b6:unleaded95,ea9a4cf7c4b6,unleaded95,change,1.755,1.745
2026-10-05,b24c2084919b:unleaded95,b24c2084919b,unleaded95,change,1.749,1.723
2026-10-05,1b148a05085c:unleaded98,1b148a05085c,unleaded98,change,1.768,1.743
2026-10-05,73805dddf7aa:unleaded98,73805dddf7aa,unleaded98,change,1.790,1.780
2026-10-05,ab868b4b332e:unleaded98,ab868b4b332e,unleaded98,change,1.788,1.748
2026-10-05,772be93750d2:unleaded98,772be93750d2,unleaded98,change,1.752,1.822
2026-10-05,2435de52a3ba:unleaded98,2435de52a3ba,unleaded98,change,1.699,1.819
2026-10-05,67516854f59e:unleaded98,67516854f59e,unleaded98,change,1.726,1.846
2026-10-05,41841cb23dbd:unleaded98,41841cb23dbd,unleaded98,change,1.729,1.835
2026-10-05,bc3de85eae09:unleaded98,bc3de85eae09,unleaded98,change,1.739,1.845
2026-10-05,2d1dc84554ad:unleaded98,2d1dc84554ad,unleaded98,change,1.747,1.847
2026-10-05,14ab75b4aa66:unleaded98,14ab75b4aa66,unleaded98,change,1.749,1.849
2026-10-05,0aefcb943b9f:unleaded98,0aefcb943b9f,unleaded98,change,1.768,1.877
2026-10-05,f3cb3f8d3a20:unleaded98,f3cb3f8d3a20,unleaded98,change,1.768,1.877
2026-10-05,a63d37840b3e:unleaded98,a63d37840b3e,unleaded98,change,1.769,1.874
2026-10-05,f06cc2016c8b:unleaded98,f06cc2016c8b,unleaded98,change,1.769,1.887
2026-10-05,daf0981942c3:unleaded98,daf0981942c3,unleaded98,change,1.775,1.749
2026-10-05,1a16860d8e30:unleaded98,1a16860d8e30,unleaded98,change,1.786,1.769
2026-10-05,ed2f040407db:unleaded98,ed2f040407db,unleaded98,change,1.771,1.756
2026-10-05,4ac8836fa7fb:unleaded98,4ac8836fa7fb,unleaded98,change,1.787,1.767
2026-10-05,77450002346a:unleaded98,77450002346a,unleaded98,change,1.768,1.747
2026-10-05,9cf1024093d0:unleaded98,9cf1024093d0,unleaded98,change,1.775,1.759
2026-10-05,d825945d0dc1:unleaded98,d825945d0dc1,unleaded98,change,1.762,1.735
2026-10-05,08c3056f889a:unleaded98,08c3056f889a,unleaded98,change,1.855,1.793
2026-10-05,5a578950625a:unleaded98,5a578950625a,unleaded98,change,1.785,1.839
2026-10-05,ba65517bf3ed:unleaded98,ba65517bf3ed,unleaded98,change,1.760,1.733
2026-10-05,3fdaa889148c:unleaded98,3fdaa889148c,unleaded98,change,1.775,1.759
2026-10-05,30e807950de4:unleaded98,30e807950de4,unleaded98,change,1.775,1.756
2026-10-05,792650a717af:unleaded98,792650a717af,unleaded98,change,1.819,1.799
2026-10-05,40e8c72b6e83:unleaded98,40e8c72b6e83,unleaded98,change,1.819,1.799
2026-10-05,0fa89e115816:unleaded98,0fa89e115816,unleaded98,change,1.775,1.759
2026-10-05,43962c7fecd8:unleaded98,43962c7fecd8,unleaded98,change,1.775,1.759
2026-10-05,40108258c169:unleaded98,40108258c169,unleaded98,new,1.775,
2026-10-05,458aa789203d:unleaded98,458aa789203d,unleaded98,change,1.775,1.759
2026-10-05,0f4f50ae5f90:unleaded98,0f4f50ae5f90,unleaded98,change,1.775,1.759
2026-10-05,0ec6995b7755:unleaded98,0ec6995b7755,unleaded98,change,1.775,1.759
2026-10-05,42e035b752d8:unleaded98,42e035b752d8,unleaded98,change,1.775,1.759
2026-10-05,cc747759de94:unleaded98,cc747759de94,unleaded98,change,1.775,1.759
2026-10-05,6ca3bacda2ef:unleaded98,6ca3bacda2ef,unleaded98,change,1.775,1.759
2026-10-05,e6d810278243:unleaded98,e6d810278243,unleaded98,change,1.775,1.759
2026-10-05,99e322d6ea26:unleaded98,99e322d6ea26,unleaded98,change,1.775,1.759
2026-10-05,8d38472ccb06:unleaded98,8d38472ccb06,unleaded98,change,1.775,1.759
2026-10-05,293b8fa19bf7:unleaded98,293b8fa19bf7,unleaded98,change,1.775,1.759
2026-10-05,4f835e812e0f:unleaded98,4f835e812e0f,unleaded98,change,1.775,1.759
2026-10-05,a1cbb4c4a9c8:unleaded98,a1cbb4c4a9c8,unleaded98,change,1.775,1.759
2026-10-05,5a78a7364d62:unleaded98,5a78a7364d62,unleaded98,change,1.775,1.759
2026-10-05,d59f16d1ea1f:unleaded98,d59f16d1ea1f,unleaded98,change,1.775,1.759
2026-10-05,187618635ba0:unleaded98,187618635ba0,unleaded98,change,1.775,1.759
2026-10-05,3dc149493178:unleaded98,3dc149493178,unleaded98,change,1.775,1.759
2026-10-05,1f9b60bded75:unleaded98,1f9b60bded75,unleaded98,change,1.775,1.759
2026-10-05,dc18f4cb1ad3:unleaded98,dc18f4cb1ad3,unleaded98,change,1.775,1.759
2026-10-05,1a10004ef1a9:unleaded98,1a10004ef1a9,unleaded98,change,1.775,1.759
2026-10-05,0708c47ecb63:unleaded98,0708c47ecb63,unleaded98,change,1.775,1.759
2026-10-05,64c1bca40276:unleaded98,64c1bca40276,unleaded98,change,1.775,1.759
2026-10-05,b920f34d9678:unleaded98,b920f34d9678,unleaded98,change,1.775,1.759
2026-10-05,da0b210a2136:unleaded98,da0b210a2136,unleaded98,change,1.775,1.759
2026-10-05,77af34d3792b:unleaded98,77af34d3792b,unleaded98,change,1.775,1.759
2026-10-05,42462b695ab2:unleaded98,42462b695ab2,unleaded98,change,1.775,1.759
2026-10-05,2676e12059bc:unleaded98,2676e12059bc,unleaded98,change,1.775,1.759
2026-10-05,61489bbd24f4:unleaded98,61489bbd24f4,unleaded98,change,1.829,1.809
2026-10-05,bcfe91ea09aa:unleaded98,bcfe91ea09aa,unleaded98,change,1.762,1.735
2026-10-05,f4d2b1d30ed4:unleaded98,f4d2b1d30ed4,unleaded98,change,1.771,1.756
2026-10-05,507f1f44e378:unleaded98,507f1f44e378,unleaded98,change,1.771,1.756
2026-10-05,a3c0cf5666e0:unleaded98,a3c0cf5666e0,unleaded98,change,1.771,1.756
2026-10-05,7b3d6f74a132:unleaded98,7b3d6f74a132,unleaded98,change,1.771,1.756
2026-10-05,b0e8f28941c2:unleaded98,b0e8f28941c2,unleaded98,change,1.771,1.756
2026-10-05,5d55628ec03b:unleaded98,5d55628ec03b,unleaded98,change,1.771,1.756
2026-10-05,d9f037ee2555:unleaded98,d9f037ee2555,unleaded98,change,1.771,1.756
2026-10-05,8899ec50983b:unleaded98,8899ec50983b,unleaded98,change,1.787,1.759
2026-10-05,69fd22d4956b:unleaded98,69fd22d4956b,unleaded98,change,1.787,1.767
2026-10-05,7b205bef86bd:unleaded98,7b205bef86bd,unleaded98,change,1.786,1.759
2026-10-05,91d7bee2fcf0:unleaded98,91d7bee2fcf0,unleaded98,change,1.739,1.729
2026-10-05,5f6aecc094a5:unleaded98,5f6aecc094a5,unleaded98,change,1.776,1.756
2026-10-05,9cbdb349d454:unleaded98,9cbdb349d454,unleaded98,change,1.785,1.869
2026-10-05,5b6d76f60256:unleaded98,5b6d76f60256,unleaded98,change,1.775,1.719
2026-10-05,79c9bc2be4e7:unleaded98,79c9bc2be4e7,unleaded98,change,1.747,1.734
2026-10-05,dacff0faaefb:unleaded98,dacff0faaefb,unleaded98,change,1.747,1.734
2026-10-05,3fef2e98f65b:unleaded98,3fef2e98f65b,unleaded98,change,1.785,1.859
2026-10-05,4b3ea41ef444:unleaded98,4b3ea41ef444,unleaded98,change,1.785,1.775
2026-10-05,b99043294256:unleaded98,b99043294256,unleaded98,change,1.781,1.760
2026-10-05,7c3d4980155f:unleaded98,7c3d4980155f,unleaded98,change,1.785,1.775
2026-10-05,5fc48382973b:unleaded98,5fc48382973b,unleaded98,change,1.777,1.887
2026-10-05,29adfa02acca:unleaded98,29adfa02acca,unleaded98,change,1.785,1.760
2026-10-05,49f291bb3d72:unleaded98,49f291bb3d72,unleaded98,change,1.769,1.869
2026-10-05,a78f59d05bcd:unleaded98,a78f59d05bcd,unleaded98,change,1.786,1.760
2026-10-05,1ef5b819726d:unleaded98,1ef5b819726d,unleaded98,change,1.798,1.789
2026-10-05,96a9e00b5b6d:unleaded98,96a9e00b5b6d,unleaded98,change,1.749,1.859
2026-10-05,3c3fdd29b8f7:unleaded98,3c3fdd29b8f7,unleaded98,change,1.749,1.859
2026-10-05,c7f59703554a:unleaded98,c7f59703554a,unleaded98,change,1.767,1.887
2026-10-05,178bce87f3a6:unleaded98,178bce87f3a6,unleaded98,change,1.769,1.889
2026-10-05,d31ea5693826:unleaded98,d31ea5693826,unleaded98,change,1.775,1.895
2026-10-05,ca9163f0f3f8:unleaded98,ca9163f0f3f8,unleaded98,change,1.777,1.887
2026-10-05,ac585f0e2770:unleaded98,ac585f0e2770,unleaded98,change,1.785,1.889
2026-10-05,3009230fcbc6:unleaded98,3009230fcbc6,unleaded98,change,1.775,1.758
2026-10-05,7e13d23a29b2:unleaded98,7e13d23a29b2,unleaded98,change,1.785,1.899
2026-10-05,d47ea3209c18:unleaded98,d47ea3209c18,unleaded98,change,1.787,1.767
2026-10-05,73e26adc0d93:unleaded98,73e26adc0d93,unleaded98,change,1.789,1.779
2026-10-05,3ede104e6d56:unleaded98,3ede104e6d56,unleaded98,change,1.785,1.847
2026-10-05,d8f54ff2148b:unleaded98,d8f54ff2148b,unleaded98,change,1.779,1.889
2026-10-05,d2ec9f5d093e:unleaded98,d2ec9f5d093e,unleaded98,change,1.787,1.759
2026-10-05,873fd7d21413:unleaded98,873fd7d21413,unleaded98,change,1.777,1.752
2026-10-05,4a09006139d2:unleaded98,4a09006139d2,unleaded98,change,1.767,1.745
2026-10-05,5f1d9d44de4c:unleaded98,5f1d9d44de4c,unleaded98,change,1.767,1.745
2026-10-05,dfc8523796a8:unleaded98,dfc8523796a8,unleaded98,change,1.775,1.759
2026-10-05,e47bff9f4edc:unleaded98,e47bff9f4edc,unleaded98,change,1.775,1.759
2026-10-05,7510589f4eaa:unleaded98,7510589f4eaa,unleaded98,change,1.775,1.759
2026-10-05,39fd6925ae42:unleaded98,39fd6925ae42,unleaded98,change,1.775,1.759
2026-10-05,567e7e2b96ac:unleaded98,567e7e2b96ac,unleaded98,change,1.775,1.759
2026-10-05,f7018faecfa5:unleaded98,f7018faecfa5,unleaded98,change,1.775,1.759
2026-10-05,9746fda18600:unleaded98,9746fda18600,unleaded98,change,1.775,1.759
2026-10-05,e7bfeaa9c428:unleaded98,e7bfeaa9c428,unleaded98,change,1.775,1.759
2026-10-05,4fd43e7e497c:unleaded98,4fd43e7e497c,unleaded98,change,1.775,1.759
2026-10-05,503646d494d5:unleaded98,503646d494d5,unleaded98,change,1.775,1.759
2026-10-05,74b8ac0b63cd:unleaded98,74b8ac0b63cd,unleaded98,change,1.775,1.759
2026-10-05,dc99e1b517b2:unleaded98,dc99e1b517b2,unleaded98,change,1.775,1.759
2026-10-05,f8ad88f2d98a:unleaded98,f8ad88f2d98a,unleaded98,change,1.775,1.759
2026-10-05,3a0c41beebb7:unleaded98,3a0c41beebb7,unleaded98,change,1.775,1.759
2026-10-05,4a79c5105aa9:unleaded98,4a79c5105aa9,unleaded98,change,1.775,1.759
2026-10-05,9bd07aac27bc:unleaded98,9bd07aac27bc,unleaded98,change,1.775,1.759
2026-10-05,25791d087864:unleaded98,25791d087864,unleaded98,change,1.775,1.759
2026-10-05,b27d9f5af2b6:unleaded98,b27d9f5af2b6,unleaded98,change,1.799,1.797
2026-10-05,e2988b40a3b9:unleaded98,e2988b40a3b9,unleaded98,change,1.767,1.745
2026-10-05,1476a096e3ba:unleaded98,1476a096e3ba,unleaded98,change,1.774,1.756
2026-10-05,93feddaea003:unleaded98,93feddaea003,unleaded98,change,1.819,1.799
2026-10-05,72b865f82639:unleaded98,72b865f82639,unleaded98,change,1.848,1.868
2026-10-05,be850363d55b:unleaded98,be850363d55b,unleaded98,change,1.809,1.879
2026-10-05,f1dfb918aa44:unleaded98,f1dfb918aa44,unleaded98,change,1.799,1.759
2026-10-05,5697a79e3714:unleaded98,5697a79e3714,unleaded98,change,1.778,1.768
2026-10-05,285b1e3703eb:unleaded98,285b1e3703eb,unleaded98,change,1.757,1.877
2026-10-05,bb62751b98a5:unleaded98,bb62751b98a5,unleaded98,change,1.767,1.877
2026-10-05,ae7fb39a6ec9:unleaded98,ae7fb39a6ec9,unleaded98,change,1.775,1.759
2026-10-05,de92271f6ac9:unleaded98,de92271f6ac9,unleaded98,change,1.799,1.789
2026-10-05,dce42f6faf2a:unleaded98,dce42f6faf2a,unleaded98,change,1.776,1.760
2026-10-05,66e87f05a350:unleaded98,66e87f05a350,unleaded98,change,1.775,1.759
2026-10-05,7ea7211d094c:unleaded98,7ea7211d094c,unleaded98,change,1.775,1.759
2026-10-05,b2f690bf5cb7:unleaded98,b2f690bf5cb7,unleaded98,change,1.775,1.759
2026-10-05,4ca921929927:unleaded98,4ca921929927,unleaded98,change,1.785,1.839
2026-10-05,17ee7f0dd4f0:unleaded98,17ee7f0dd4f0,unleaded98,change,1.775,1.759
2026-10-05,565dd6821200:unleaded98,565dd6821200,unleaded98,change,1.775,1.759
2026-10-05,71cfa14de08b:unleaded98,71cfa14de08b,unleaded98,change,1.775,1.759
2026-10-05,b109dbc73edf:unleaded98,b109dbc73edf,unleaded98,change,1.775,1.759
2026-10-05,462ee152ff3b:unleaded98,462ee152ff3b,unleaded98,change,1.775,1.759
2026-10-05,66d305f4af2e:unleaded98,66d305f4af2e,unleaded98,change,1.775,1.759
2026-10-05,0effbc30de91:unleaded98,0effbc30de91,unleaded98,change,1.775,1.759
2026-10-05,624124474669:unleaded98,624124474669,unleaded98,change,1.775,1.759
2026-10-05,b20e8e600357:unleaded98,b20e8e600357,unleaded98,change,1.775,1.759
2026-10-05,d82e742710ef:unleaded98,d82e742710ef,unleaded98,change,1.775,1.759
2026-10-05,8f76232b6d53:unleaded98,8f76232b6d53,unleaded98,change,1.768,1.754
2026-10-05,fe4873a2e4a6:unleaded98,fe4873a2e4a6,unleaded98,change,1.775,1.757
2026-10-05,f75770842fc7:unleaded98,f75770842fc7,unleaded98,change,1.785,1.899
2026-10-05,dc094a637823:unleaded98,dc094a637823,unleaded98,change,1.784,1.825
2026-10-05,cf9bb5bb02a6:unleaded98,cf9bb5bb02a6,unleaded98,change,1.784,1.829
2026-10-05,8448a4c5531f:unleaded98,8448a4c5531f,unleaded98,change,1.785,1.829
2026-10-05,2bb2812d2829:unleaded98,2bb2812d2829,unleaded98,change,1.789,1.895
2026-10-05,d6e5e190801d:unleaded98,d6e5e190801d,unleaded98,change,1.799,1.908
2026-10-05,b431bffa5187:unleaded98,b431bffa5187,unleaded98,change,1.799,1.909
2026-10-05,2be80460e2e6:unleaded98,2be80460e2e6,unleaded98,change,1.796,1.799
2026-10-05,0c0bfa6b6769:unleaded98,0c0bfa6b6769,unleaded98,change,1.819,1.798
2026-10-05,b0bfb1dc3b5b:unleaded98,b0bfb1dc3b5b,unleaded98,change,1.795,1.762
2026-10-05,15cf154d622b:unleaded98,15cf154d622b,unleaded98,change,1.829,1.799
2026-10-05,ac84fe0ca4a9:unleaded98,ac84fe0ca4a9,unleaded98,change,1.799,1.786
2026-10-05,02712f946c71:unleaded98,02712f946c71,unleaded98,change,1.849,1.999
2026-10-05,f4ab2c452dea:unleaded98,f4ab2c452dea,unleaded98,change,1.805,1.762
2026-10-05,0a5e60e91490:unleaded98,0a5e60e91490,unleaded98,change,1.805,1.762
2026-10-05,b994933d2448:unleaded98,b994933d2448,unleaded98,change,1.805,1.762
2026-10-05,34932a59bf86:unleaded98,34932a59bf86,unleaded98,change,1.805,1.762
2026-10-05,a8a9b3e4e12f:unleaded98,a8a9b3e4e12f,unleaded98,change,1.805,1.762
2026-10-05,f5945935bb49:unleaded98,f5945935bb49,unleaded98,change,1.816,1.780
2026-10-05,122aa6b021d2:unleaded98,122aa6b021d2,unleaded98,change,1.806,1.796
2026-10-05,aec251ff51dc:unleaded98,aec251ff51dc,unleaded98,change,1.793,1.785
2026-10-05,7c12967369e5:unleaded98,7c12967369e5,unleaded98,change,1.829,1.799
2026-10-05,70804ad4c6ed:unleaded98,70804ad4c6ed,unleaded98,change,1.799,1.797
2026-10-05,70b0af332d9f:unleaded98,70b0af332d9f,unleaded98,change,1.769,1.758
2026-10-05,f2f4e4925f53:unleaded98,f2f4e4925f53,unleaded98,change,1.794,1.787
2026-10-05,c6158b4fcb5f:unleaded98,c6158b4fcb5f,unleaded98,change,1.805,1.795
2026-10-05,d63746beb1b5:unleaded98,d63746beb1b5,unleaded98,change,1.835,1.829
2026-10-05,0ed0b92e6d0c:unleaded98,0ed0b92e6d0c,unleaded98,change,1.759,1.769
2026-10-05,216880e896f0:unleaded98,216880e896f0,unleaded98,change,1.785,1.889
2026-10-05,6cbad4fb4f78:unleaded98,6cbad4fb4f78,unleaded98,change,1.785,1.889
2026-10-05,48113cc9c12a:unleaded98,48113cc9c12a,unleaded98,change,1.787,1.785
2026-10-05,c42afad7f35d:unleaded98,c42afad7f35d,unleaded98,change,1.775,1.759
2026-10-05,65b480ad17ec:unleaded98,65b480ad17ec,unleaded98,change,1.775,1.759
2026-10-05,84148c33cbb4:unleaded98,84148c33cbb4,unleaded98,change,1.775,1.759
2026-10-05,743927ebc86a:unleaded98,743927ebc86a,unleaded98,change,1.773,1.757
2026-10-05,cc2e49c3c04f:unleaded98,cc2e49c3c04f,unleaded98,change,1.773,1.757
2026-10-05,320be8d683a2:unleaded98,320be8d683a2,unleaded98,change,1.775,1.755
2026-10-05,50a8f4e8f043:unleaded98,50a8f4e8f043,unleaded98,change,1.786,1.776
2026-10-05,b24c2084919b:unleaded98,b24c2084919b,unleaded98,change,1.809,1.768
2026-10-05,1044095b4cde:diesel,1044095b4cde,diesel,change,2.029,1.999
2026-10-05,73805dddf7aa:diesel,73805dddf7aa,diesel,change,2.058,2.028
2026-10-05,01d291cc5e9f:diesel,01d291cc5e9f,diesel,change,1.999,1.988
2026-10-05,428b07ccf758:diesel,428b07ccf758,diesel,change,2.049,2.029
2026-10-05,54ff5ad55f16:diesel,54ff5ad55f16,diesel,change,2.089,2.069
2026-10-05,ab868b4b332e:diesel,ab868b4b332e,diesel,change,2.058,1.998
2026-10-05,59fe848dcc1d:diesel,59fe848dcc1d,diesel,change,2.059,2.039
2026-10-05,772be93750d2:diesel,772be93750d2,diesel,change,1.994,1.971
2026-10-05,bc3de85eae09:diesel,bc3de85eae09,diesel,change,2.008,1.998
2026-10-05,daf0981942c3:diesel,daf0981942c3,diesel,change,1.978,1.958
2026-10-05,32039ce18953:diesel,32039ce18953,diesel,change,2.059,2.039
2026-10-05,1a16860d8e30:diesel,1a16860d8e30,diesel,change,2.078,2.042
2026-10-05,4ac8836fa7fb:diesel,4ac8836fa7fb,diesel,change,2.029,1.999
2026-10-05,e3a6cf9b7017:diesel,e3a6cf9b7017,diesel,change,2.049,2.028
2026-10-05,77450002346a:diesel,77450002346a,diesel,change,2.018,1.998
2026-10-05,01ce074bf8e9:diesel,01ce074bf8e9,diesel,change,2.089,2.069
2026-10-05,d81649f97c28:diesel,d81649f97c28,diesel,change,2.069,2.049
2026-10-05,d825945d0dc1:diesel,d825945d0dc1,diesel,change,1.996,1.976
2026-10-05,08c3056f889a:diesel,08c3056f889a,diesel,change,1.995,2.029
2026-10-05,5bbb1e8908dc:diesel,5bbb1e8908dc,diesel,change,2.049,2.029
2026-10-05,5a578950625a:diesel,5a578950625a,diesel,change,2.048,2.029
2026-10-05,ba65517bf3ed:diesel,ba65517bf3ed,diesel,change,1.995,1.971
2026-10-05,30e807950de4:diesel,30e807950de4,diesel,change,1.998,2.022
2026-10-05,792650a717af:diesel,792650a717af,diesel,change,2.058,2.039
2026-10-05,40e8c72b6e83:diesel,40e8c72b6e83,diesel,change,2.079,2.049
2026-10-05,aea2d6e66b8f:diesel,aea2d6e66b8f,diesel,change,2.019,1.999
2026-10-05,3dc149493178:diesel,3dc149493178,diesel,change,1.989,1.969
2026-10-05,40108258c169:diesel,40108258c169,diesel,new,1.998,
2026-10-05,61489bbd24f4:diesel,61489bbd24f4,diesel,change,2.089,2.059
2026-10-05,bcfe91ea09aa:diesel,bcfe91ea09aa,diesel,change,1.996,1.976
2026-10-05,8899ec50983b:diesel,8899ec50983b,diesel,change,2.029,1.999
2026-10-05,b979b66dc2a8:diesel,b979b66dc2a8,diesel,change,2.019,1.988
2026-10-05,69fd22d4956b:diesel,69fd22d4956b,diesel,change,2.029,1.999
2026-10-05,7b205bef86bd:diesel,7b205bef86bd,diesel,change,1.998,1.978
2026-10-05,5f6aecc094a5:diesel,5f6aecc094a5,diesel,change,1.998,1.978
2026-10-05,9cbdb349d454:diesel,9cbdb349d454,diesel,change,2.048,2.029
2026-10-05,5fd49366646f:diesel,5fd49366646f,diesel,change,2.049,2.029
2026-10-05,5b6d76f60256:diesel,5b6d76f60256,diesel,change,1.978,1.958
2026-10-05,dacff0faaefb:diesel,dacff0faaefb,diesel,change,1.988,1.968
2026-10-05,79c9bc2be4e7:diesel,79c9bc2be4e7,diesel,change,1.988,1.968
2026-10-05,3fef2e98f65b:diesel,3fef2e98f65b,diesel,change,2.048,2.019
2026-10-05,2685729352b8:diesel,2685729352b8,diesel,change,2.049,2.029
2026-10-05,b99043294256:diesel,b99043294256,diesel,change,1.999,1.993
2026-10-05,b7ed85fcf4b7:diesel,b7ed85fcf4b7,diesel,change,2.048,2.028
2026-10-05,9ba59175b8fa:diesel,9ba59175b8fa,diesel,change,2.049,2.029
2026-10-05,5fc48382973b:diesel,5fc48382973b,diesel,change,2.047,2.037
2026-10-05,29adfa02acca:diesel,29adfa02acca,diesel,change,1.999,1.995
2026-10-05,49f291bb3d72:diesel,49f291bb3d72,diesel,change,2.039,2.019
2026-10-05,a78f59d05bcd:diesel,a78f59d05bcd,diesel,change,1.998,1.978
2026-10-05,bbe6fff4e9d1:diesel,bbe6fff4e9d1,diesel,change,2.045,2.025
2026-10-05,bda8d48d501e:diesel,bda8d48d501e,diesel,change,2.049,2.029
2026-10-05,1ef5b819726d:diesel,1ef5b819726d,diesel,change,2.049,2.029
2026-10-05,018228a5741c:diesel,018228a5741c,diesel,change,2.048,2.028
2026-10-05,d31ea5693826:diesel,d31ea5693826,diesel,change,2.033,2.027
2026-10-05,3c3fdd29b8f7:diesel,3c3fdd29b8f7,diesel,change,2.047,2.008
2026-10-05,ca9163f0f3f8:diesel,ca9163f0f3f8,diesel,change,2.047,2.019
2026-10-05,ac585f0e2770:diesel,ac585f0e2770,diesel,change,2.048,2.029
2026-10-05,b3875ccbca12:diesel,b3875ccbca12,diesel,change,2.049,2.028
2026-10-05,233254a84b2d:diesel,233254a84b2d,diesel,change,2.069,2.039
2026-10-05,e2fd268c172a:diesel,e2fd268c172a,diesel,change,2.049,2.029
2026-10-05,cd323f4673d7:diesel,cd323f4673d7,diesel,change,2.049,2.029
2026-10-05,c0e5c11d688d:diesel,c0e5c11d688d,diesel,change,2.049,2.029
2026-10-05,3009230fcbc6:diesel,3009230fcbc6,diesel,change,1.995,1.958
2026-10-05,7e13d23a29b2:diesel,7e13d23a29b2,diesel,change,2.048,2.059
2026-10-05,d47ea3209c18:diesel,d47ea3209c18,diesel,change,2.029,2.019
2026-10-05,288f16b2cde1:diesel,288f16b2cde1,diesel,change,2.039,2.019
2026-10-05,89f3721e58ea:diesel,89f3721e58ea,diesel,change,2.049,2.029
2026-10-05,e551eeff6720:diesel,e551eeff6720,diesel,change,2.049,2.029
2026-10-05,3ede104e6d56:diesel,3ede104e6d56,diesel,change,2.048,2.019
2026-10-05,d8f54ff2148b:diesel,d8f54ff2148b,diesel,change,2.037,2.027
2026-10-05,d2ec9f5d093e:diesel,d2ec9f5d093e,diesel,change,2.058,2.028
2026-10-05,b42e8375c701:diesel,b42e8375c701,diesel,change,2.045,2.038
2026-10-05,72bd542a8c85:diesel,72bd542a8c85,diesel,change,2.048,2.038
2026-10-05,89f704207e91:diesel,89f704207e91,diesel,change,2.049,2.028
2026-10-05,36fb67511673:diesel,36fb67511673,diesel,change,2.058,2.039
2026-10-05,dc99e1b517b2:diesel,dc99e1b517b2,diesel,change,1.996,1.979
2026-10-05,4a79c5105aa9:diesel,4a79c5105aa9,diesel,change,1.998,1.978
2026-10-05,b27d9f5af2b6:diesel,b27d9f5af2b6,diesel,change,2.059,2.039
2026-10-05,e2988b40a3b9:diesel,e2988b40a3b9,diesel,change,1.996,1.976
2026-10-05,1476a096e3ba:diesel,1476a096e3ba,diesel,change,1.998,1.996
2026-10-05,ed726f0564b7:diesel,ed726f0564b7,diesel,change,2.049,2.029
2026-10-05,93feddaea003:diesel,93feddaea003,diesel,change,2.079,2.049
2026-10-05,00e8792b88ef:diesel,00e8792b88ef,diesel,change,2.049,2.029
2026-10-05,72b865f82639:diesel,72b865f82639,diesel,change,2.126,2.128
2026-10-05,be850363d55b:diesel,be850363d55b,diesel,change,2.069,2.049
2026-10-05,f1dfb918aa44:diesel,f1dfb918aa44,diesel,change,2.049,1.998
2026-10-05,7cb63eb7db4a:diesel,7cb63eb7db4a,diesel,change,2.038,2.027
2026-10-05,5697a79e3714:diesel,5697a79e3714,diesel,change,2.019,2.009
2026-10-05,5fdf8a375f2a:diesel,5fdf8a375f2a,diesel,change,2.049,2.029
2026-10-05,46946a1f650f:diesel,46946a1f650f,diesel,change,2.049,2.029
2026-10-05,285b1e3703eb:diesel,285b1e3703eb,diesel,change,1.995,2.017
2026-10-05,bb62751b98a5:diesel,bb62751b98a5,diesel,change,2.027,2.017
2026-10-05,3d365e518577:diesel,3d365e518577,diesel,change,2.049,2.029
2026-10-05,dce42f6faf2a:diesel,dce42f6faf2a,diesel,change,1.999,1.995
2026-10-05,117c3b6f97d9:diesel,117c3b6f97d9,diesel,change,2.049,2.029
2026-10-05,4ca921929927:diesel,4ca921929927,diesel,change,2.048,2.029
2026-10-05,fe4873a2e4a6:diesel,fe4873a2e4a6,diesel,change,1.998,1.999
2026-10-05,f75770842fc7:diesel,f75770842fc7,diesel,change,2.048,2.029
2026-10-05,a4ce4b453fac:diesel,a4ce4b453fac,diesel,change,2.049,2.029
2026-10-05,adc2bba2a282:diesel,adc2bba2a282,diesel,change,2.019,1.979
2026-10-05,dc094a637823:diesel,dc094a637823,diesel,change,1.965,1.935
2026-10-05,cf9bb5bb02a6:diesel,cf9bb5bb02a6,diesel,change,1.968,1.949
2026-10-05,8448a4c5531f:diesel,8448a4c5531f,diesel,change,1.999,1.989
2026-10-05,d3095d05dc1e:diesel,d3095d05dc1e,diesel,change,2.049,2.029
2026-10-05,71f50aee8649:diesel,71f50aee8649,diesel,change,2.059,2.039
2026-10-05,54d562b7ab71:diesel,54d562b7ab71,diesel,change,2.078,2.039
2026-10-05,b431bffa5187:diesel,b431bffa5187,diesel,change,2.064,2.035
2026-10-05,d6e5e190801d:diesel,d6e5e190801d,diesel,change,2.064,2.035
2026-10-05,2be80460e2e6:diesel,2be80460e2e6,diesel,change,2.065,2.039
2026-10-05,e02b4792b83a:diesel,e02b4792b83a,diesel,change,2.065,2.039
2026-10-05,0c0bfa6b6769:diesel,0c0bfa6b6769,diesel,change,2.069,2.055
2026-10-05,15cf154d622b:diesel,15cf154d622b,diesel,change,2.059,2.029
2026-10-05,02712f946c71:diesel,02712f946c71,diesel,change,2.110,2.090
2026-10-05,b994933d2448:diesel,b994933d2448,diesel,change,2.017,1.999
2026-10-05,f5945935bb49:diesel,f5945935bb49,diesel,change,2.029,2.015
2026-10-05,aec251ff51dc:diesel,aec251ff51dc,diesel,change,2.055,2.035
2026-10-05,b8ca587237dd:diesel,b8ca587237dd,diesel,change,2.055,2.025
2026-10-05,7c12967369e5:diesel,7c12967369e5,diesel,change,2.059,2.029
2026-10-05,70804ad4c6ed:diesel,70804ad4c6ed,diesel,change,2.069,2.058
2026-10-05,f2f4e4925f53:diesel,f2f4e4925f53,diesel,change,2.048,2.029
2026-10-05,d63746beb1b5:diesel,d63746beb1b5,diesel,change,2.089,2.059
2026-10-05,e796a9d3d435:diesel,e796a9d3d435,diesel,change,2.069,2.048
2026-10-05,216880e896f0:diesel,216880e896f0,diesel,change,2.048,2.029
2026-10-05,6cbad4fb4f78:diesel,6cbad4fb4f78,diesel,change,2.048,2.029
2026-10-05,48113cc9c12a:diesel,48113cc9c12a,diesel,change,2.049,2.029
2026-10-05,320be8d683a2:diesel,320be8d683a2,diesel,change,2.039,2.019
2026-10-05,ce3d19ee3c70:diesel,ce3d19ee3c70,diesel,change,2.049,2.029
2026-10-05,9cfc7d5c5cf3:diesel,9cfc7d5c5cf3,diesel,change,2.049,2.029
2026-10-05,ea9a4cf7c4b6:diesel,ea9a4cf7c4b6,diesel,change,2.049,2.029
2026-10-05,b24c2084919b:diesel,b24c2084919b,diesel,change,1.998,1.968
2026-10-05,1044095b4cde:heating_oil,1044095b4cde,heating_oil,change,1.689,1.639
2026-10-05,1b148a05085c:heating_oil,1b148a05085c,heating_oil,change,1.599,1.577
2026-10-05,73805dddf7aa:heating_oil,73805dddf7aa,heating_oil,change,1.689,1.639
2026-10-05,01d291cc5e9f:heating_oil,01d291cc5e9f,heating_oil,change,1.680,1.638
2026-10-05,428b07ccf758:heating_oil,428b07ccf758,heating_oil,change,1.689,1.639
2026-10-05,54ff5ad55f16:heating_oil,54ff5ad55f16,heating_oil,change,1.729,1.679
2026-10-05,ab868b4b332e:heating_oil,ab868b4b332e,heating_oil,change,1.688,1.578
2026-10-05,b08cefca3ef4:heating_oil,b08cefca3ef4,heating_oil,change,1.729,1.653
2026-10-05,59fe848dcc1d:heating_oil,59fe848dcc1d,heating_oil,change,1.689,1.639
2026-10-05,772be93750d2:heating_oil,772be93750d2,heating_oil,change,1.664,1.688
2026-10-05,a63d37840b3e:heating_oil,a63d37840b3e,heating_oil,change,1.669,1.639
2026-10-05,2435de52a3ba:heating_oil,2435de52a3ba,heating_oil,change,1.669,1.639
2026-10-05,0aefcb943b9f:heating_oil,0aefcb943b9f,heating_oil,change,1.669,1.639
2026-10-05,f3cb3f8d3a20:heating_oil,f3cb3f8d3a20,heating_oil,change,1.669,1.639
2026-10-05,67516854f59e:heating_oil,67516854f59e,heating_oil,change,1.669,1.639
2026-10-05,14ab75b4aa66:heating_oil,14ab75b4aa66,heating_oil,change,1.669,1.639
2026-10-05,2d1dc84554ad:heating_oil,2d1dc84554ad,heating_oil,change,1.669,1.639
2026-10-05,f06cc2016c8b:heating_oil,f06cc2016c8b,heating_oil,change,1.669,1.639
2026-10-05,41841cb23dbd:heating_oil,41841cb23dbd,heating_oil,change,1.669,1.639
2026-10-05,daf0981942c3:heating_oil,daf0981942c3,heating_oil,change,1.628,1.579
2026-10-05,32039ce18953:heating_oil,32039ce18953,heating_oil,change,1.689,1.639
2026-10-05,1a16860d8e30:heating_oil,1a16860d8e30,heating_oil,change,1.699,1.653
2026-10-05,ed2f040407db:heating_oil,ed2f040407db,heating_oil,change,1.626,1.577
2026-10-05,e3a6cf9b7017:heating_oil,e3a6cf9b7017,heating_oil,change,1.679,1.638
2026-10-05,4ac8836fa7fb:heating_oil,4ac8836fa7fb,heating_oil,change,1.689,1.639
2026-10-05,77450002346a:heating_oil,77450002346a,heating_oil,change,1.626,1.579
2026-10-05,01ce074bf8e9:heating_oil,01ce074bf8e9,heating_oil,change,1.719,1.669
2026-10-05,9cf1024093d0:heating_oil,9cf1024093d0,heating_oil,change,1.628,1.579
2026-10-05,d81649f97c28:heating_oil,d81649f97c28,heating_oil,change,1.729,1.659
2026-10-05,d825945d0dc1:heating_oil,d825945d0dc1,heating_oil,change,1.667,1.555
2026-10-05,5bbb1e8908dc:heating_oil,5bbb1e8908dc,heating_oil,change,1.689,1.639
2026-10-05,30e807950de4:heating_oil,30e807950de4,heating_oil,change,1.628,1.633
2026-10-05,ba65517bf3ed:heating_oil,ba65517bf3ed,heating_oil,change,1.665,1.668
2026-10-05,40e8c72b6e83:heating_oil,40e8c72b6e83,heating_oil,change,1.759,1.699
2026-10-05,aea2d6e66b8f:heating_oil,aea2d6e66b8f,heating_oil,change,1.689,1.639
2026-10-05,43962c7fecd8:heating_oil,43962c7fecd8,heating_oil,change,1.628,1.579
2026-10-05,40108258c169:heating_oil,40108258c169,heating_oil,new,1.628,
2026-10-05,458aa789203d:heating_oil,458aa789203d,heating_oil,change,1.628,1.579
2026-10-05,0fa89e115816:heating_oil,0fa89e115816,heating_oil,change,1.628,1.579
2026-10-05,0ec6995b7755:heating_oil,0ec6995b7755,heating_oil,change,1.628,1.579
2026-10-05,42e035b752d8:heating_oil,42e035b752d8,heating_oil,change,1.628,1.579
2026-10-05,8d38472ccb06:heating_oil,8d38472ccb06,heating_oil,change,1.628,1.579
2026-10-05,0f4f50ae5f90:heating_oil,0f4f50ae5f90,heating_oil,change,1.628,1.579
2026-10-05,99e322d6ea26:heating_oil,99e322d6ea26,heating_oil,change,1.628,1.579
2026-10-05,cc747759de94:heating_oil,cc747759de94,heating_oil,change,1.628,1.579
2026-10-05,6ca3bacda2ef:heating_oil,6ca3bacda2ef,heating_oil,change,1.628,1.579
2026-10-05,e6d810278243:heating_oil,e6d810278243,heating_oil,change,1.628,1.579
2026-10-05,293b8fa19bf7:heating_oil,293b8fa19bf7,heating_oil,change,1.628,1.579
2026-10-05,4f835e812e0f:heating_oil,4f835e812e0f,heating_oil,change,1.628,1.579
2026-10-05,a1cbb4c4a9c8:heating_oil,a1cbb4c4a9c8,heating_oil,change,1.628,1.579
2026-10-05,5a78a7364d62:heating_oil,5a78a7364d62,heating_oil,change,1.628,1.579
2026-10-05,d59f16d1ea1f:heating_oil,d59f16d1ea1f,heating_oil,change,1.628,1.579
2026-10-05,187618635ba0:heating_oil,187618635ba0,heating_oil,change,1.628,1.579
2026-10-05,3dc149493178:heating_oil,3dc149493178,heating_oil,change,1.628,1.579
2026-10-05,1f9b60bded75:heating_oil,1f9b60bded75,heating_oil,change,1.628,1.579
2026-10-05,dc18f4cb1ad3:heating_oil,dc18f4cb1ad3,heating_oil,change,1.628,1.579
2026-10-05,1a10004ef1a9:heating_oil,1a10004ef1a9,heating_oil,change,1.628,1.579
2026-10-05,0708c47ecb63:heating_oil,0708c47ecb63,heating_oil,change,1.628,1.579
2026-10-05,b920f34d9678:heating_oil,b920f34d9678,heating_oil,change,1.628,1.579
2026-10-05,64c1bca40276:heating_oil,64c1bca40276,heating_oil,change,1.628,1.579
2026-10-05,da0b210a2136:heating_oil,da0b210a2136,heating_oil,change,1.628,1.579
2026-10-05,77af34d3792b:heating_oil,77af34d3792b,heating_oil,change,1.628,1.579
2026-10-05,42462b695ab2:heating_oil,42462b695ab2,heating_oil,change,1.628,1.579
2026-10-05,2676e12059bc:heating_oil,2676e12059bc,heating_oil,change,1.628,1.579
2026-10-05,61489bbd24f4:heating_oil,61489bbd24f4,heating_oil,change,1.729,1.679
2026-10-05,7b3d6f74a132:heating_oil,7b3d6f74a132,heating_oil,change,1.626,1.577
2026-10-05,a3c0cf5666e0:heating_oil,a3c0cf5666e0,heating_oil,change,1.626,1.577
2026-10-05,507f1f44e378:heating_oil,507f1f44e378,heating_oil,change,1.626,1.577
2026-10-05,f4d2b1d30ed4:heating_oil,f4d2b1d30ed4,heating_oil,change,1.626,1.577
2026-10-05,b0e8f28941c2:heating_oil,b0e8f28941c2,heating_oil,change,1.626,1.577
2026-10-05,d9f037ee2555:heating_oil,d9f037ee2555,heating_oil,change,1.626,1.577
2026-10-05,5d55628ec03b:heating_oil,5d55628ec03b,heating_oil,change,1.626,1.577
2026-10-05,bcfe91ea09aa:heating_oil,bcfe91ea09aa,heating_oil,change,1.667,1.555
2026-10-05,8899ec50983b:heating_oil,8899ec50983b,heating_oil,change,1.689,1.579
2026-10-05,b979b66dc2a8:heating_oil,b979b66dc2a8,heating_oil,change,1.679,1.629
2026-10-05,69fd22d4956b:heating_oil,69fd22d4956b,heating_oil,change,1.689,1.639
2026-10-05,7b205bef86bd:heating_oil,7b205bef86bd,heating_oil,change,1.669,1.579
2026-10-05,5f6aecc094a5:heating_oil,5f6aecc094a5,heating_oil,change,1.688,1.638
2026-10-05,9cbdb349d454:heating_oil,9cbdb349d454,heating_oil,change,1.689,1.639
2026-10-05,5fd49366646f:heating_oil,5fd49366646f,heating_oil,change,1.689,1.579
2026-10-05,5b6d76f60256:heating_oil,5b6d76f60256,heating_oil,change,1.628,1.548
2026-10-05,79c9bc2be4e7:heating_oil,79c9bc2be4e7,heating_oil,change,1.640,1.575
2026-10-05,dacff0faaefb:heating_oil,dacff0faaefb,heating_oil,change,1.640,1.575
2026-10-05,3fef2e98f65b:heating_oil,3fef2e98f65b,heating_oil,change,1.669,1.629
2026-10-05,4b3ea41ef444:heating_oil,4b3ea41ef444,heating_oil,change,1.629,1.589
2026-10-05,b99043294256:heating_oil,b99043294256,heating_oil,change,1.636,1.579
2026-10-05,b7ed85fcf4b7:heating_oil,b7ed85fcf4b7,heating_oil,change,1.689,1.639
2026-10-05,9ba59175b8fa:heating_oil,9ba59175b8fa,heating_oil,change,1.689,1.639
2026-10-05,7c3d4980155f:heating_oil,7c3d4980155f,heating_oil,change,1.670,1.630
2026-10-05,5fc48382973b:heating_oil,5fc48382973b,heating_oil,change,1.677,1.618
2026-10-05,29adfa02acca:heating_oil,29adfa02acca,heating_oil,change,1.665,1.580
2026-10-05,49f291bb3d72:heating_oil,49f291bb3d72,heating_oil,change,1.669,1.639
2026-10-05,a78f59d05bcd:heating_oil,a78f59d05bcd,heating_oil,change,1.669,1.579
2026-10-05,bbe6fff4e9d1:heating_oil,bbe6fff4e9d1,heating_oil,change,1.685,1.635
2026-10-05,bda8d48d501e:heating_oil,bda8d48d501e,heating_oil,change,1.689,1.639
2026-10-05,cfd3fe33b227:heating_oil,cfd3fe33b227,heating_oil,change,1.689,1.639
2026-10-05,1ef5b819726d:heating_oil,1ef5b819726d,heating_oil,change,1.669,1.609
2026-10-05,018228a5741c:heating_oil,018228a5741c,heating_oil,change,1.688,1.638
2026-10-05,178bce87f3a6:heating_oil,178bce87f3a6,heating_oil,change,1.669,1.639
2026-10-05,c7f59703554a:heating_oil,c7f59703554a,heating_oil,change,1.669,1.639
2026-10-05,ac585f0e2770:heating_oil,ac585f0e2770,heating_oil,change,1.669,1.639
2026-10-05,ca9163f0f3f8:heating_oil,ca9163f0f3f8,heating_oil,change,1.669,1.639
2026-10-05,b3875ccbca12:heating_oil,b3875ccbca12,heating_oil,change,1.689,1.638
2026-10-05,233254a84b2d:heating_oil,233254a84b2d,heating_oil,change,1.699,1.649
2026-10-05,cd323f4673d7:heating_oil,cd323f4673d7,heating_oil,change,1.689,1.599
2026-10-05,c0e5c11d688d:heating_oil,c0e5c11d688d,heating_oil,change,1.689,1.639
2026-10-05,3009230fcbc6:heating_oil,3009230fcbc6,heating_oil,change,1.625,1.575
2026-10-05,d47ea3209c18:heating_oil,d47ea3209c18,heating_oil,change,1.679,1.629
2026-10-05,288f16b2cde1:heating_oil,288f16b2cde1,heating_oil,change,1.689,1.639
2026-10-05,89f3721e58ea:heating_oil,89f3721e58ea,heating_oil,change,1.689,1.639
2026-10-05,e551eeff6720:heating_oil,e551eeff6720,heating_oil,change,1.699,1.649
2026-10-05,3ede104e6d56:heating_oil,3ede104e6d56,heating_oil,change,1.669,1.619
2026-10-05,873fd7d21413:heating_oil,873fd7d21413,heating_oil,change,1.718,1.669
2026-10-05,7510589f4eaa:heating_oil,7510589f4eaa,heating_oil,change,1.664,1.649
2026-10-05,b42e8375c701:heating_oil,b42e8375c701,heating_oil,change,1.685,1.669
2026-10-05,23c7b3207f92:heating_oil,23c7b3207f92,heating_oil,change,1.688,1.669
2026-10-05,36fb67511673:heating_oil,36fb67511673,heating_oil,change,1.689,1.669
2026-10-05,89f704207e91:heating_oil,89f704207e91,heating_oil,change,1.689,1.638
2026-10-05,503646d494d5:heating_oil,503646d494d5,heating_oil,change,1.628,1.579
2026-10-05,9bd07aac27bc:heating_oil,9bd07aac27bc,heating_oil,change,1.628,1.579
2026-10-05,25791d087864:heating_oil,25791d087864,heating_oil,change,1.628,1.579
2026-10-05,3a0c41beebb7:heating_oil,3a0c41beebb7,heating_oil,change,1.628,1.579
2026-10-05,4a79c5105aa9:heating_oil,4a79c5105aa9,heating_oil,change,1.628,1.579
2026-10-05,dc99e1b517b2:heating_oil,dc99e1b517b2,heating_oil,change,1.628,1.579
2026-10-05,f8ad88f2d98a:heating_oil,f8ad88f2d98a,heating_oil,change,1.628,1.579
2026-10-05,74b8ac0b63cd:heating_oil,74b8ac0b63cd,heating_oil,change,1.628,1.579
2026-10-05,e7bfeaa9c428:heating_oil,e7bfeaa9c428,heating_oil,change,1.628,1.579
2026-10-05,567e7e2b96ac:heating_oil,567e7e2b96ac,heating_oil,change,1.628,1.579
2026-10-05,4fd43e7e497c:heating_oil,4fd43e7e497c,heating_oil,change,1.628,1.579
2026-10-05,9746fda18600:heating_oil,9746fda18600,heating_oil,change,1.628,1.579
2026-10-05,f7018faecfa5:heating_oil,f7018faecfa5,heating_oil,change,1.628,1.579
2026-10-05,b27d9f5af2b6:heating_oil,b27d9f5af2b6,heating_oil,change,1.689,1.649
2026-10-05,e2988b40a3b9:heating_oil,e2988b40a3b9,heating_oil,change,1.622,1.573
2026-10-05,1476a096e3ba:heating_oil,1476a096e3ba,heating_oil,change,1.636,1.579
2026-10-05,ed726f0564b7:heating_oil,ed726f0564b7,heating_oil,change,1.689,1.639
2026-10-05,00e8792b88ef:heating_oil,00e8792b88ef,heating_oil,change,1.689,1.639
2026-10-05,72b865f82639:heating_oil,72b865f82639,heating_oil,change,1.754,1.774
2026-10-05,be850363d55b:heating_oil,be850363d55b,heating_oil,change,1.699,1.669
2026-10-05,f1dfb918aa44:heating_oil,f1dfb918aa44,heating_oil,change,1.669,1.599
2026-10-05,7cb63eb7db4a:heating_oil,7cb63eb7db4a,heating_oil,change,1.688,1.638
2026-10-05,5697a79e3714:heating_oil,5697a79e3714,heating_oil,change,1.659,1.618
2026-10-05,5fdf8a375f2a:heating_oil,5fdf8a375f2a,heating_oil,change,1.689,1.639
2026-10-05,46946a1f650f:heating_oil,46946a1f650f,heating_oil,change,1.700,1.650
2026-10-05,285b1e3703eb:heating_oil,285b1e3703eb,heating_oil,change,1.669,1.639
2026-10-05,bb62751b98a5:heating_oil,bb62751b98a5,heating_oil,change,1.669,1.639
2026-10-05,ae7fb39a6ec9:heating_oil,ae7fb39a6ec9,heating_oil,change,1.627,1.578
2026-10-05,3d365e518577:heating_oil,3d365e518577,heating_oil,change,1.689,1.639
2026-10-05,de92271f6ac9:heating_oil,de92271f6ac9,heating_oil,change,1.620,1.590
2026-10-05,dce42f6faf2a:heating_oil,dce42f6faf2a,heating_oil,change,1.721,1.631
2026-10-05,a60171704519:heating_oil,a60171704519,heating_oil,change,1.629,1.599
2026-10-05,117c3b6f97d9:heating_oil,117c3b6f97d9,heating_oil,change,1.689,1.639
2026-10-05,66e87f05a350:heating_oil,66e87f05a350,heating_oil,change,1.689,1.639
2026-10-05,4ca921929927:heating_oil,4ca921929927,heating_oil,change,1.669,1.639
2026-10-05,565dd6821200:heating_oil,565dd6821200,heating_oil,change,1.628,1.579
2026-10-05,71cfa14de08b:heating_oil,71cfa14de08b,heating_oil,change,1.628,1.579
2026-10-05,b109dbc73edf:heating_oil,b109dbc73edf,heating_oil,change,1.628,1.579
2026-10-05,462ee152ff3b:heating_oil,462ee152ff3b,heating_oil,change,1.628,1.579
2026-10-05,17ee7f0dd4f0:heating_oil,17ee7f0dd4f0,heating_oil,change,1.628,1.579
2026-10-05,66d305f4af2e:heating_oil,66d305f4af2e,heating_oil,change,1.628,1.579
2026-10-05,d82e742710ef:heating_oil,d82e742710ef,heating_oil,change,1.628,1.579
2026-10-05,0effbc30de91:heating_oil,0effbc30de91,heating_oil,change,1.628,1.579
2026-10-05,624124474669:heating_oil,624124474669,heating_oil,change,1.628,1.579
2026-10-05,b20e8e600357:heating_oil,b20e8e600357,heating_oil,change,1.628,1.579
2026-10-05,8f76232b6d53:heating_oil,8f76232b6d53,heating_oil,change,1.625,1.576
2026-10-05,fe4873a2e4a6:heating_oil,fe4873a2e4a6,heating_oil,change,1.599,1.579
2026-10-05,f75770842fc7:heating_oil,f75770842fc7,heating_oil,change,1.719,1.689
2026-10-05,e7be22647dd4:heating_oil,e7be22647dd4,heating_oil,change,1.689,1.688
2026-10-05,a4ce4b453fac:heating_oil,a4ce4b453fac,heating_oil,change,1.689,1.639
2026-10-05,adc2bba2a282:heating_oil,adc2bba2a282,heating_oil,change,1.689,1.579
2026-10-05,f17f81a488ad:heating_oil,f17f81a488ad,heating_oil,change,1.628,1.589
2026-10-05,cf9bb5bb02a6:heating_oil,cf9bb5bb02a6,heating_oil,change,1.629,1.599
2026-10-05,dc094a637823:heating_oil,dc094a637823,heating_oil,change,1.629,1.595
2026-10-05,8448a4c5531f:heating_oil,8448a4c5531f,heating_oil,change,1.659,1.629
2026-10-05,3e638c4e5fc9:heating_oil,3e638c4e5fc9,heating_oil,change,1.689,1.639
2026-10-05,d3095d05dc1e:heating_oil,d3095d05dc1e,heating_oil,change,1.689,1.639
2026-10-05,71f50aee8649:heating_oil,71f50aee8649,heating_oil,change,1.699,1.649
2026-10-05,54d562b7ab71:heating_oil,54d562b7ab71,heating_oil,change,1.698,1.659
2026-10-05,2bb2812d2829:heating_oil,2bb2812d2829,heating_oil,change,1.669,1.639
2026-10-05,b431bffa5187:heating_oil,b431bffa5187,heating_oil,change,1.669,1.639
2026-10-05,2be80460e2e6:heating_oil,2be80460e2e6,heating_oil,change,1.699,1.639
2026-10-05,e02b4792b83a:heating_oil,e02b4792b83a,heating_oil,change,1.679,1.645
2026-10-05,0c0bfa6b6769:heating_oil,0c0bfa6b6769,heating_oil,change,1.699,1.679
2026-10-05,b0bfb1dc3b5b:heating_oil,b0bfb1dc3b5b,heating_oil,change,1.647,1.639
2026-10-05,15cf154d622b:heating_oil,15cf154d622b,heating_oil,change,1.699,1.619
2026-10-05,ac84fe0ca4a9:heating_oil,ac84fe0ca4a9,heating_oil,change,1.686,1.680
2026-10-05,f4ab2c452dea:heating_oil,f4ab2c452dea,heating_oil,change,1.688,1.639
2026-10-05,0a5e60e91490:heating_oil,0a5e60e91490,heating_oil,change,1.688,1.639
2026-10-05,b994933d2448:heating_oil,b994933d2448,heating_oil,change,1.688,1.639
2026-10-05,34932a59bf86:heating_oil,34932a59bf86,heating_oil,change,1.688,1.639
2026-10-05,a8a9b3e4e12f:heating_oil,a8a9b3e4e12f,heating_oil,change,1.688,1.639
2026-10-05,f5945935bb49:heating_oil,f5945935bb49,heating_oil,change,1.699,1.599
2026-10-05,122aa6b021d2:heating_oil,122aa6b021d2,heating_oil,change,1.689,1.648
2026-10-05,aec251ff51dc:heating_oil,aec251ff51dc,heating_oil,change,1.675,1.640
2026-10-05,b8ca587237dd:heating_oil,b8ca587237dd,heating_oil,change,1.684,1.634
2026-10-05,7c12967369e5:heating_oil,7c12967369e5,heating_oil,change,1.699,1.619
2026-10-05,70804ad4c6ed:heating_oil,70804ad4c6ed,heating_oil,change,1.699,1.679
2026-10-05,f2f4e4925f53:heating_oil,f2f4e4925f53,heating_oil,change,1.679,1.628
2026-10-05,c6158b4fcb5f:heating_oil,c6158b4fcb5f,heating_oil,change,1.668,1.647
2026-10-05,d63746beb1b5:heating_oil,d63746beb1b5,heating_oil,change,1.737,1.687
2026-10-05,e796a9d3d435:heating_oil,e796a9d3d435,heating_oil,change,1.719,1.669
2026-10-05,216880e896f0:heating_oil,216880e896f0,heating_oil,change,1.669,1.639
2026-10-05,0ed0b92e6d0c:heating_oil,0ed0b92e6d0c,heating_oil,change,1.669,1.639
2026-10-05,6cbad4fb4f78:heating_oil,6cbad4fb4f78,heating_oil,change,1.669,1.639
2026-10-05,48113cc9c12a:heating_oil,48113cc9c12a,heating_oil,change,1.689,1.637
2026-10-05,c42afad7f35d:heating_oil,c42afad7f35d,heating_oil,change,1.628,1.579
2026-10-05,65b480ad17ec:heating_oil,65b480ad17ec,heating_oil,change,1.628,1.579
2026-10-05,84148c33cbb4:heating_oil,84148c33cbb4,heating_oil,change,1.628,1.579
2026-10-05,743927ebc86a:heating_oil,743927ebc86a,heating_oil,change,1.625,1.579
2026-10-05,cc2e49c3c04f:heating_oil,cc2e49c3c04f,heating_oil,change,1.625,1.579
2026-10-05,92d17347e22a:heating_oil,92d17347e22a,heating_oil,change,1.689,1.639
2026-10-05,320be8d683a2:heating_oil,320be8d683a2,heating_oil,change,1.659,1.629
2026-10-05,50a8f4e8f043:heating_oil,50a8f4e8f043,heating_oil,change,1.669,1.628
2026-10-05,364d076c3a94:heating_oil,364d076c3a94,heating_oil,change,1.689,1.639
2026-10-05,9cfc7d5c5cf3:heating_oil,9cfc7d5c5cf3,heating_oil,change,1.689,1.639
2026-10-05,ea9a4cf7c4b6:heating_oil,ea9a4cf7c4b6,heating_oil,change,1.709,1.659
2026-10-05,b24c2084919b:heating_oil,b24c2084919b,heating_oil,change,1.668,1.578
2026-10-05,1044095b4cde:kerosene,1044095b4cde,kerosene,change,1.569,1.519
2026-10-05,1b148a05085c:kerosene,1b148a05085c,kerosene,change,1.486,1.462
2026-10-05,01d291cc5e9f:kerosene,01d291cc5e9f,kerosene,change,1.560,1.518
2026-10-05,428b07ccf758:kerosene,428b07ccf758,kerosene,change,1.569,1.519
2026-10-05,54ff5ad55f16:kerosene,54ff5ad55f16,kerosene,change,1.609,1.559
2026-10-05,ab868b4b332e:kerosene,ab868b4b332e,kerosene,change,1.568,1.488
2026-10-05,59fe848dcc1d:kerosene,59fe848dcc1d,kerosene,change,1.569,1.519
2026-10-05,772be93750d2:kerosene,772be93750d2,kerosene,change,1.560,1.568
2026-10-05,a63d37840b3e:kerosene,a63d37840b3e,kerosene,change,1.565,1.519
2026-10-05,0aefcb943b9f:kerosene,0aefcb943b9f,kerosene,change,1.565,1.519
2026-10-05,67516854f59e:kerosene,67516854f59e,kerosene,change,1.565,1.519
2026-10-05,14ab75b4aa66:kerosene,14ab75b4aa66,kerosene,change,1.565,1.519
2026-10-05,f06cc2016c8b:kerosene,f06cc2016c8b,kerosene,change,1.565,1.519
2026-10-05,41841cb23dbd:kerosene,41841cb23dbd,kerosene,change,1.565,1.519
2026-10-05,daf0981942c3:kerosene,daf0981942c3,kerosene,change,1.498,1.465
2026-10-05,32039ce18953:kerosene,32039ce18953,kerosene,change,1.569,1.519
2026-10-05,ed2f040407db:kerosene,ed2f040407db,kerosene,change,1.496,1.486
2026-10-05,4ac8836fa7fb:kerosene,4ac8836fa7fb,kerosene,change,1.569,1.519
2026-10-05,e3a6cf9b7017:kerosene,e3a6cf9b7017,kerosene,change,1.569,1.518
2026-10-05,77450002346a:kerosene,77450002346a,kerosene,change,1.486,1.462
2026-10-05,01ce074bf8e9:kerosene,01ce074bf8e9,kerosene,change,1.599,1.549
2026-10-05,9cf1024093d0:kerosene,9cf1024093d0,kerosene,change,1.498,1.489
2026-10-05,d81649f97c28:kerosene,d81649f97c28,kerosene,change,1.609,1.539
2026-10-05,d825945d0dc1:kerosene,d825945d0dc1,kerosene,change,1.562,1.438
2026-10-05,5bbb1e8908dc:kerosene,5bbb1e8908dc,kerosene,change,1.569,1.519
2026-10-05,30e807950de4:kerosene,30e807950de4,kerosene,change,1.498,1.553
2026-10-05,ba65517bf3ed:kerosene,ba65517bf3ed,kerosene,change,1.561,1.568
2026-10-05,40e8c72b6e83:kerosene,40e8c72b6e83,kerosene,change,1.639,1.579
2026-10-05,aea2d6e66b8f:kerosene,aea2d6e66b8f,kerosene,change,1.569,1.519
2026-10-05,43962c7fecd8:kerosene,43962c7fecd8,kerosene,change,1.498,1.489
2026-10-05,40108258c169:kerosene,40108258c169,kerosene,new,1.498,
2026-10-05,458aa789203d:kerosene,458aa789203d,kerosene,change,1.498,1.489
2026-10-05,0fa89e115816:kerosene,0fa89e115816,kerosene,change,1.498,1.489
2026-10-05,0ec6995b7755:kerosene,0ec6995b7755,kerosene,change,1.498,1.489
2026-10-05,42e035b752d8:kerosene,42e035b752d8,kerosene,change,1.498,1.489
2026-10-05,0f4f50ae5f90:kerosene,0f4f50ae5f90,kerosene,change,1.498,1.489
2026-10-05,99e322d6ea26:kerosene,99e322d6ea26,kerosene,change,1.498,1.489
2026-10-05,dc18f4cb1ad3:kerosene,dc18f4cb1ad3,kerosene,change,1.498,1.489
2026-10-05,1a10004ef1a9:kerosene,1a10004ef1a9,kerosene,change,1.498,1.489
2026-10-05,0708c47ecb63:kerosene,0708c47ecb63,kerosene,change,1.498,1.489
2026-10-05,293b8fa19bf7:kerosene,293b8fa19bf7,kerosene,change,1.498,1.489
2026-10-05,4f835e812e0f:kerosene,4f835e812e0f,kerosene,change,1.498,1.489
2026-10-05,8d38472ccb06:kerosene,8d38472ccb06,kerosene,change,1.498,1.489
2026-10-05,cc747759de94:kerosene,cc747759de94,kerosene,change,1.498,1.489
2026-10-05,6ca3bacda2ef:kerosene,6ca3bacda2ef,kerosene,change,1.498,1.489
2026-10-05,e6d810278243:kerosene,e6d810278243,kerosene,change,1.498,1.489
2026-10-05,a1cbb4c4a9c8:kerosene,a1cbb4c4a9c8,kerosene,change,1.498,1.489
2026-10-05,da0b210a2136:kerosene,da0b210a2136,kerosene,change,1.498,1.489
2026-10-05,77af34d3792b:kerosene,77af34d3792b,kerosene,change,1.498,1.489
2026-10-05,b920f34d9678:kerosene,b920f34d9678,kerosene,change,1.498,1.489
2026-10-05,64c1bca40276:kerosene,64c1bca40276,kerosene,change,1.498,1.489
2026-10-05,5a78a7364d62:kerosene,5a78a7364d62,kerosene,change,1.498,1.489
2026-10-05,187618635ba0:kerosene,187618635ba0,kerosene,change,1.498,1.489
2026-10-05,3dc149493178:kerosene,3dc149493178,kerosene,change,1.498,1.489
2026-10-05,1f9b60bded75:kerosene,1f9b60bded75,kerosene,change,1.498,1.489
2026-10-05,d59f16d1ea1f:kerosene,d59f16d1ea1f,kerosene,change,1.498,1.489
2026-10-05,42462b695ab2:kerosene,42462b695ab2,kerosene,change,1.498,1.489
2026-10-05,2676e12059bc:kerosene,2676e12059bc,kerosene,change,1.498,1.489
2026-10-05,61489bbd24f4:kerosene,61489bbd24f4,kerosene,change,1.609,1.559
2026-10-05,f4d2b1d30ed4:kerosene,f4d2b1d30ed4,kerosene,change,1.496,1.486
2026-10-05,7b3d6f74a132:kerosene,7b3d6f74a132,kerosene,change,1.496,1.486
2026-10-05,a3c0cf5666e0:kerosene,a3c0cf5666e0,kerosene,change,1.496,1.486
2026-10-05,507f1f44e378:kerosene,507f1f44e378,kerosene,change,1.496,1.486
2026-10-05,b0e8f28941c2:kerosene,b0e8f28941c2,kerosene,change,1.496,1.486
2026-10-05,d9f037ee2555:kerosene,d9f037ee2555,kerosene,change,1.496,1.486
2026-10-05,5d55628ec03b:kerosene,5d55628ec03b,kerosene,change,1.496,1.486
2026-10-05,bcfe91ea09aa:kerosene,bcfe91ea09aa,kerosene,change,1.562,1.438
2026-10-05,8899ec50983b:kerosene,8899ec50983b,kerosene,change,1.569,1.489
2026-10-05,b979b66dc2a8:kerosene,b979b66dc2a8,kerosene,change,1.569,1.519
2026-10-05,69fd22d4956b:kerosene,69fd22d4956b,kerosene,change,1.569,1.519
2026-10-05,7b205bef86bd:kerosene,7b205bef86bd,kerosene,change,1.550,1.487
2026-10-05,5f6aecc094a5:kerosene,5f6aecc094a5,kerosene,change,1.568,1.520
2026-10-05,5fd49366646f:kerosene,5fd49366646f,kerosene,change,1.569,1.489
2026-10-05,5b6d76f60256:kerosene,5b6d76f60256,kerosene,change,1.498,1.465
2026-10-05,dacff0faaefb:kerosene,dacff0faaefb,kerosene,change,1.530,1.460
2026-10-05,79c9bc2be4e7:kerosene,79c9bc2be4e7,kerosene,change,1.530,1.460
2026-10-05,4b3ea41ef444:kerosene,4b3ea41ef444,kerosene,change,1.518,1.469
2026-10-05,b99043294256:kerosene,b99043294256,kerosene,change,1.499,1.486
2026-10-05,b7ed85fcf4b7:kerosene,b7ed85fcf4b7,kerosene,change,1.569,1.529
2026-10-05,9ba59175b8fa:kerosene,9ba59175b8fa,kerosene,change,1.569,1.519
2026-10-05,7c3d4980155f:kerosene,7c3d4980155f,kerosene,change,1.550,1.500
2026-10-05,5fc48382973b:kerosene,5fc48382973b,kerosene,change,1.559,1.499
2026-10-05,29adfa02acca:kerosene,29adfa02acca,kerosene,change,1.548,1.485
2026-10-05,a78f59d05bcd:kerosene,a78f59d05bcd,kerosene,change,1.549,1.486
2026-10-05,bbe6fff4e9d1:kerosene,bbe6fff4e9d1,kerosene,change,1.565,1.515
2026-10-05,cfd3fe33b227:kerosene,cfd3fe33b227,kerosene,change,1.569,1.519
2026-10-05,1ef5b819726d:kerosene,1ef5b819726d,kerosene,change,1.489,1.469
2026-10-05,018228a5741c:kerosene,018228a5741c,kerosene,change,1.568,1.518
2026-10-05,178bce87f3a6:kerosene,178bce87f3a6,kerosene,change,1.565,1.519
2026-10-05,cd323f4673d7:kerosene,cd323f4673d7,kerosene,change,1.569,1.509
2026-10-05,3009230fcbc6:kerosene,3009230fcbc6,kerosene,change,1.495,1.478
2026-10-05,d47ea3209c18:kerosene,d47ea3209c18,kerosene,change,1.569,1.519
2026-10-05,288f16b2cde1:kerosene,288f16b2cde1,kerosene,change,1.569,1.469
2026-10-05,89f3721e58ea:kerosene,89f3721e58ea,kerosene,change,1.569,1.519
2026-10-05,e551eeff6720:kerosene,e551eeff6720,kerosene,change,1.569,1.519
2026-10-05,3ede104e6d56:kerosene,3ede104e6d56,kerosene,change,1.519,1.499
2026-10-05,873fd7d21413:kerosene,873fd7d21413,kerosene,change,1.588,1.575
2026-10-05,7510589f4eaa:kerosene,7510589f4eaa,kerosene,change,1.544,1.519
2026-10-05,b42e8375c701:kerosene,b42e8375c701,kerosene,change,1.565,1.549
2026-10-05,36fb67511673:kerosene,36fb67511673,kerosene,change,1.569,1.549
2026-10-05,503646d494d5:kerosene,503646d494d5,kerosene,change,1.498,1.489
2026-10-05,9bd07aac27bc:kerosene,9bd07aac27bc,kerosene,change,1.498,1.489
2026-10-05,25791d087864:kerosene,25791d087864,kerosene,change,1.498,1.489
2026-10-05,3a0c41beebb7:kerosene,3a0c41beebb7,kerosene,change,1.498,1.489
2026-10-05,4a79c5105aa9:kerosene,4a79c5105aa9,kerosene,change,1.498,1.489
2026-10-05,dc99e1b517b2:kerosene,dc99e1b517b2,kerosene,change,1.498,1.489
2026-10-05,f8ad88f2d98a:kerosene,f8ad88f2d98a,kerosene,change,1.498,1.489
2026-10-05,e7bfeaa9c428:kerosene,e7bfeaa9c428,kerosene,change,1.498,1.489
2026-10-05,74b8ac0b63cd:kerosene,74b8ac0b63cd,kerosene,change,1.498,1.489
2026-10-05,f7018faecfa5:kerosene,f7018faecfa5,kerosene,change,1.498,1.489
2026-10-05,567e7e2b96ac:kerosene,567e7e2b96ac,kerosene,change,1.498,1.489
2026-10-05,4fd43e7e497c:kerosene,4fd43e7e497c,kerosene,change,1.498,1.489
2026-10-05,9746fda18600:kerosene,9746fda18600,kerosene,change,1.498,1.489
2026-10-05,b27d9f5af2b6:kerosene,b27d9f5af2b6,kerosene,change,1.569,1.529
2026-10-05,e2988b40a3b9:kerosene,e2988b40a3b9,kerosene,change,1.492,1.475
2026-10-05,1476a096e3ba:kerosene,1476a096e3ba,kerosene,change,1.498,1.475
2026-10-05,ed726f0564b7:kerosene,ed726f0564b7,kerosene,change,1.569,1.519
2026-10-05,00e8792b88ef:kerosene,00e8792b88ef,kerosene,change,1.569,1.519
2026-10-05,be850363d55b:kerosene,be850363d55b,kerosene,change,1.569,1.549
2026-10-05,7cb63eb7db4a:kerosene,7cb63eb7db4a,kerosene,change,1.569,1.518
2026-10-05,5697a79e3714:kerosene,5697a79e3714,kerosene,change,1.529,1.468
2026-10-05,5fdf8a375f2a:kerosene,5fdf8a375f2a,kerosene,change,1.569,1.519
2026-10-05,46946a1f650f:kerosene,46946a1f650f,kerosene,change,1.580,1.530
2026-10-05,285b1e3703eb:kerosene,285b1e3703eb,kerosene,change,1.565,1.519
2026-10-05,bb62751b98a5:kerosene,bb62751b98a5,kerosene,change,1.565,1.519
2026-10-05,ae7fb39a6ec9:kerosene,ae7fb39a6ec9,kerosene,change,1.498,1.485
2026-10-05,de92271f6ac9:kerosene,de92271f6ac9,kerosene,change,1.495,1.475
2026-10-05,a60171704519:kerosene,a60171704519,kerosene,change,1.499,1.479
2026-10-05,117c3b6f97d9:kerosene,117c3b6f97d9,kerosene,change,1.569,1.519
2026-10-05,66e87f05a350:kerosene,66e87f05a350,kerosene,change,1.569,1.519
2026-10-05,b2f690bf5cb7:kerosene,b2f690bf5cb7,kerosene,change,1.498,1.485
2026-10-05,4ca921929927:kerosene,4ca921929927,kerosene,change,1.539,1.519
2026-10-05,d82e742710ef:kerosene,d82e742710ef,kerosene,change,1.498,1.489
2026-10-05,0effbc30de91:kerosene,0effbc30de91,kerosene,change,1.498,1.489
2026-10-05,624124474669:kerosene,624124474669,kerosene,change,1.498,1.489
2026-10-05,b20e8e600357:kerosene,b20e8e600357,kerosene,change,1.498,1.489
2026-10-05,17ee7f0dd4f0:kerosene,17ee7f0dd4f0,kerosene,change,1.498,1.489
2026-10-05,66d305f4af2e:kerosene,66d305f4af2e,kerosene,change,1.498,1.489
2026-10-05,462ee152ff3b:kerosene,462ee152ff3b,kerosene,change,1.498,1.489
2026-10-05,565dd6821200:kerosene,565dd6821200,kerosene,change,1.498,1.489
2026-10-05,71cfa14de08b:kerosene,71cfa14de08b,kerosene,change,1.498,1.489
2026-10-05,b109dbc73edf:kerosene,b109dbc73edf,kerosene,change,1.498,1.489
2026-10-05,8f76232b6d53:kerosene,8f76232b6d53,kerosene,change,1.493,1.483
2026-10-05,e7be22647dd4:kerosene,e7be22647dd4,kerosene,change,1.569,1.608
2026-10-05,a4ce4b453fac:kerosene,a4ce4b453fac,kerosene,change,1.569,1.519
2026-10-05,adc2bba2a282:kerosene,adc2bba2a282,kerosene,change,1.569,1.489
2026-10-05,cf9bb5bb02a6:kerosene,cf9bb5bb02a6,kerosene,change,1.499,1.479
2026-10-05,f17f81a488ad:kerosene,f17f81a488ad,kerosene,change,1.508,1.459
2026-10-05,d3095d05dc1e:kerosene,d3095d05dc1e,kerosene,change,1.569,1.519
2026-10-05,71f50aee8649:kerosene,71f50aee8649,kerosene,change,1.579,1.529
2026-10-05,54d562b7ab71:kerosene,54d562b7ab71,kerosene,change,1.578,1.538
2026-10-05,2be80460e2e6:kerosene,2be80460e2e6,kerosene,change,1.574,1.514
2026-10-05,0c0bfa6b6769:kerosene,0c0bfa6b6769,kerosene,change,1.579,1.559
2026-10-05,b0bfb1dc3b5b:kerosene,b0bfb1dc3b5b,kerosene,change,1.518,1.499
2026-10-05,15cf154d622b:kerosene,15cf154d622b,kerosene,change,1.589,1.529
2026-10-05,ac84fe0ca4a9:kerosene,ac84fe0ca4a9,kerosene,change,1.568,1.560
2026-10-05,b994933d2448:kerosene,b994933d2448,kerosene,change,1.568,1.499
2026-10-05,34932a59bf86:kerosene,34932a59bf86,kerosene,change,1.568,1.499
2026-10-05,f4ab2c452dea:kerosene,f4ab2c452dea,kerosene,change,1.568,1.499
2026-10-05,0a5e60e91490:kerosene,0a5e60e91490,kerosene,change,1.568,1.499
2026-10-05,a8a9b3e4e12f:kerosene,a8a9b3e4e12f,kerosene,change,1.568,1.499
2026-10-05,f5945935bb49:kerosene,f5945935bb49,kerosene,change,1.578,1.505
2026-10-05,122aa6b021d2:kerosene,122aa6b021d2,kerosene,change,1.568,1.519
2026-10-05,b8ca587237dd:kerosene,b8ca587237dd,kerosene,change,1.575,1.515
2026-10-05,7c12967369e5:kerosene,7c12967369e5,kerosene,change,1.589,1.529
2026-10-05,70804ad4c6ed:kerosene,70804ad4c6ed,kerosene,change,1.579,1.529
2026-10-05,f2f4e4925f53:kerosene,f2f4e4925f53,kerosene,change,1.539,1.499
2026-10-05,c6158b4fcb5f:kerosene,c6158b4fcb5f,kerosene,change,1.568,1.518
2026-10-05,0e4663dea41e:kerosene,0e4663dea41e,kerosene,change,1.579,1.559
2026-10-05,d63746beb1b5:kerosene,d63746beb1b5,kerosene,change,1.617,1.567
2026-10-05,e796a9d3d435:kerosene,e796a9d3d435,kerosene,change,1.599,1.549
2026-10-05,6cbad4fb4f78:kerosene,6cbad4fb4f78,kerosene,change,1.565,1.519
2026-10-05,0ed0b92e6d0c:kerosene,0ed0b92e6d0c,kerosene,change,1.565,1.519
2026-10-05,48113cc9c12a:kerosene,48113cc9c12a,kerosene,change,1.565,1.515
2026-10-05,c42afad7f35d:kerosene,c42afad7f35d,kerosene,change,1.498,1.489
2026-10-05,65b480ad17ec:kerosene,65b480ad17ec,kerosene,change,1.498,1.489
2026-10-05,84148c33cbb4:kerosene,84148c33cbb4,kerosene,change,1.498,1.489
2026-10-05,743927ebc86a:kerosene,743927ebc86a,kerosene,change,1.495,1.487
2026-10-05,cc2e49c3c04f:kerosene,cc2e49c3c04f,kerosene,change,1.495,1.487
2026-10-05,92d17347e22a:kerosene,92d17347e22a,kerosene,change,1.539,1.479
2026-10-05,50a8f4e8f043:kerosene,50a8f4e8f043,kerosene,change,1.548,1.498
2026-10-05,364d076c3a94:kerosene,364d076c3a94,kerosene,change,1.569,1.519
2026-10-05,9cfc7d5c5cf3:kerosene,9cfc7d5c5cf3,kerosene,change,1.569,1.519
2026-10-05,ea9a4cf7c4b6:kerosene,ea9a4cf7c4b6,kerosene,change,1.709,1.549
2026-10-05,b24c2084919b:kerosene,b24c2084919b,kerosene,change,1.548,1.485
