date,id,price,original_price,unit_value,unit_basis,promotion,availability,delisted
2026-09-12,404125,2.85,0,1.43,L,,,
2026-09-12,888825,2.99,0,3.74,kg,,,
2026-09-12,703285,2.8,0,9.33,kg,,,
2026-09-12,615970,6.27,0,10.45,kg,,,
2026-09-12,906882,2.99,0,11.96,kg,,,
2026-09-12,800487,3.25,0,14.44,kg,,,
2026-09-12,906001,1.4,0,7,kg,,,
2026-09-12,784773,4.15,0,0.35,pc,,,
2026-09-12,831392,1.99,0,13.27,kg,,,
2026-09-12,905119,2.2,2.8,11,kg,,,
2026-09-12,800591,1.95,0,2.17,kg,,,
2026-09-12,108783,1.79,0,3.25,kg,,,
2026-09-12,902231,6.84,0,7.6,kg,,,
2026-09-12,857232,4.25,0,5.31,kg,,,
2026-09-12,903005,4.28,0,5.71,kg,,,
2026-09-12,896880,2.49,0,8.3,kg,,,
2026-09-12,881310,2.49,0,5.93,kg,,,
2026-09-12,873734,3.99,0,8.87,kg,,,
2026-09-12,760013,3.99,0,8.14,kg,,,
2026-09-12,790517,0.79,0,1.58,kg,,,
2026-09-12,879463,1.99,0,3.98,kg,,,
2026-09-12,899949,2.95,0,1.97,kg,,,
2026-09-12,837230,16.49,0,8.25,L,,,
2026-09-12,821581,6.39,0,2.13,L,,,
2026-09-12,785711,0.99,0,0.99,kg,,,
2026-09-12,863983,3.06,0,2.55,kg,,,
2026-09-12,128100,1.99,0,3.98,kg,,,
2026-09-12,765561,2.19,0,14.6,kg,,,
2026-09-12,111465,3.55,0,7.1,kg,,,
2026-09-12,894152,3.65,0,6.64,kg,,,
2026-09-12,129681,3.59,0,17.95,kg,,,
2026-09-12,803448,2.3,0,0.06,pc,,,
2026-09-12,777472,3.19,0,6.72,kg,,,
2026-09-12,618125,1.99,0,5.38,kg,,,
2026-09-12,134531,3.59,0,8.98,kg,,,
2026-09-12,782097,3.15,0,6.3,kg,,,
2026-09-12,893602,2.1,0,13.13,kg,,,
2026-09-12,618973,2.19,0,24.33,kg,,,
2026-09-12,619770,3.95,0,1.76,L,,,
2026-09-12,402660,2.25,0,0.25,L,,,
2026-09-12,108140,1.95,0,1.3,L,,,
2026-09-12,342813,7.99,0,2,L,,,
2026-09-12,108839,3.59,0,4.79,L,,,
2026-09-12,901801,3.69,0,3.35,kg,,,
2026-09-12,901802,0.91,0,1.3,kg,,,
2026-09-12,770756,3.51,0,1.76,kg,,,
2026-09-12,864395,3.09,0,1.93,kg,,,
2026-09-12,901457,2.15,0,2.15,kg,,,
2026-09-12,861853,1.99,2.65,2.49,kg,,,
2026-09-12,901100,2.34,0,1.95,kg,,,
2026-09-12,901832,0.85,0,1.7,kg,,,
2026-09-12,761110,0.66,0,4.4,kg,,,
2026-09-12,865040,1.46,0,1.95,kg,,,
2026-09-12,901810,4.45,0,6.36,kg,,,
2026-09-12,787232,3.99,0,0.399,pc,,,
2026-09-12,787229,2.59,0,3.2375,kg,,,
2026-09-12,441027,1.55,0,2.07,L,,,
2026-09-12,630347,9.35,0,0.28,pc,,,
2026-09-12,610233,1.79,0,17.9,L,,,
2026-09-12,751602,3.65,0,4.87,L,,,
2026-09-13,404125,2.85,0,1.43,L,,true,
2026-09-13,888825,2.99,0,3.74,kg,,true,
2026-09-13,703285,2.8,0,9.33,kg,,true,
2026-09-13,615970,6.27,0,10.45,kg,,true,
2026-09-13,906882,2.99,0,11.96,kg,,true,
2026-09-13,800487,3.25,0,14.44,kg,Only,true,
2026-09-13,906001,1.4,0,7,kg,,true,
2026-09-13,784773,4.15,0,0.35,pc,,true,
2026-09-13,831392,1.99,0,13.27,kg,,true,
2026-09-13,905119,2.2,2.8,11,kg,Pick Of The Week,true,
2026-09-13,800591,1.95,0,2.17,kg,,true,
2026-09-13,108783,1.79,0,3.25,kg,,true,
2026-09-13,902231,6.84,0,7.6,kg,,true,
2026-09-13,857232,4.25,0,5.31,kg,,true,
2026-09-13,903005,4.28,0,5.71,kg,,true,
2026-09-13,896880,2.49,0,8.3,kg,,true,
2026-09-13,881310,2.49,0,5.93,kg,,true,
2026-09-13,873734,3.99,0,8.87,kg,,true,
2026-09-13,760013,3.99,0,8.14,kg,Only,true,
2026-09-13,790517,0.79,0,1.58,kg,,true,
2026-09-13,879463,1.99,0,3.98,kg,Pick Of The Week,true,
2026-09-13,899949,2.95,0,1.97,kg,,true,
2026-09-13,837230,16.49,0,8.25,L,,true,
2026-09-13,821581,6.39,0,2.13,L,,true,
2026-09-13,785711,0.99,0,0.99,kg,,true,
2026-09-13,863983,3.06,0,2.55,kg,,true,
2026-09-13,128100,1.99,0,3.98,kg,,true,
2026-09-13,765561,2.19,0,14.6,kg,,true,
2026-09-13,111465,3.55,0,7.1,kg,,true,
2026-09-13,894152,3.65,0,6.64,kg,Only,true,
2026-09-13,129681,3.59,0,17.95,kg,Only,true,
2026-09-13,803448,2.3,0,0.06,pc,,true,
2026-09-13,777472,3.19,0,6.72,kg,,true,
2026-09-13,618125,1.99,0,5.38,kg,,true,
2026-09-13,134531,3.59,0,8.98,kg,,true,
2026-09-13,782097,3.15,0,6.3,kg,,true,
2026-09-13,893602,2.1,0,13.13,kg,,true,
2026-09-13,618973,2.19,0,24.33,kg,,true,
2026-09-13,619770,3.95,0,1.76,L,Only,true,
2026-09-13,402660,2.25,0,0.25,L,Only,true,
2026-09-13,108140,1.95,0,1.3,L,Only,true,
2026-09-13,342813,7.99,0,2,L,Only,true,
2026-09-13,108839,3.59,0,4.79,L,,true,
2026-09-13,901801,3.69,0,3.35,kg,,true,
2026-09-13,901802,0.91,0,1.3,kg,,true,
2026-09-13,770756,3.51,0,1.76,kg,,true,
2026-09-13,864395,3.09,0,1.93,kg,,true,
2026-09-13,901457,2.15,0,2.15,kg,,true,
2026-09-13,861853,1.99,2.65,2.49,kg,Price Drop,true,
2026-09-13,901100,2.34,0,1.95,kg,,true,
2026-09-13,901832,0.85,0,1.7,kg,,true,
2026-09-13,761110,0.66,0,4.4,kg,,true,
2026-09-13,865040,1.46,0,1.95,kg,,true,
2026-09-13,901810,4.45,0,6.36,kg,,true,
2026-09-13,787232,3.99,0,0.399,pc,,true,
2026-09-13,787229,2.59,0,3.2375,kg,,true,
2026-09-13,441027,1.55,0,2.07,L,,true,
2026-09-13,630347,9.35,0,0.28,pc,,true,
2026-09-13,610233,1.79,0,17.9,L,,true,
2026-09-13,751602,3.65,0,4.87,L,,true,
2026-09-14,404125,2.85,0,1.43,L,,true,
2026-09-14,888825,2.99,0,3.74,kg,,true,
2026-09-14,703285,2.8,0,9.33,kg,,true,
2026-09-14,615970,6.27,0,10.45,kg,,true,
2026-09-14,906882,2.99,0,11.96,kg,,true,
2026-09-14,800487,3.25,0,14.44,kg,Only,true,
2026-09-14,906001,1.4,0,7,kg,,true,
2026-09-14,784773,4.15,0,0.35,pc,,true,
2026-09-14,831392,1.99,0,13.27,kg,,true,
2026-09-14,905119,2.2,2.8,11,kg,Pick Of The Week,true,
2026-09-14,800591,1.95,0,2.17,kg,,true,
2026-09-14,108783,1.79,0,3.25,kg,,true,
2026-09-14,902231,6.84,0,7.6,kg,,true,
2026-09-14,857232,4.25,0,5.31,kg,,true,
2026-09-14,903005,4.28,0,5.71,kg,,true,
2026-09-14,896880,2.49,0,8.3,kg,,true,
2026-09-14,881310,2.49,0,5.93,kg,,true,
2026-09-14,873734,3.99,0,8.87,kg,,true,
2026-09-14,760013,3.99,0,8.14,kg,Only,true,
2026-09-14,790517,0.79,0,1.58,kg,,true,
2026-09-14,879463,1.99,0,3.98,kg,Pick Of The Week,true,
2026-09-14,899949,2.95,0,1.97,kg,,true,
2026-09-14,837230,16.49,0,8.25,L,,true,
2026-09-14,821581,6.39,0,2.13,L,,true,
2026-09-14,785711,0.99,0,0.99,kg,,true,
2026-09-14,863983,3.06,0,2.55,kg,,true,
2026-09-14,128100,1.99,0,3.98,kg,,true,
2026-09-14,765561,2.19,0,14.6,kg,,true,
2026-09-14,111465,3.55,0,7.1,kg,,true,
2026-09-14,894152,3.65,0,6.64,kg,Only,true,
2026-09-14,129681,3.59,0,17.95,kg,Only,true,
2026-09-14,803448,2.3,0,0.06,pc,,true,
2026-09-14,777472,3.19,0,6.72,kg,,true,
2026-09-14,618125,1.99,0,5.38,kg,,true,
2026-09-14,134531,3.59,0,8.98,kg,,true,
2026-09-14,782097,3.15,0,6.3,kg,,true,
2026-09-14,893602,2.1,0,13.13,kg,,true,
2026-09-14,618973,2.19,0,24.33,kg,,true,
2026-09-14,619770,3.95,0,1.76,L,Only,true,
2026-09-14,402660,2.25,0,0.25,L,Only,true,
2026-09-14,108140,1.95,0,1.3,L,Only,true,
2026-09-14,342813,7.99,0,2,L,Only,true,
2026-09-14,108839,3.59,0,4.79,L,,true,
2026-09-14,901801,3.69,0,3.35,kg,,true,
2026-09-14,901802,0.6,0,0.86,kg,,true,
2026-09-14,770756,3.51,0,1.76,kg,,true,
2026-09-14,864395,3.09,0,1.93,kg,,true,
2026-09-14,901457,2.15,0,2.15,kg,,true,
2026-09-14,861853,1.99,2.65,2.49,kg,Price Drop,true,
2026-09-14,901100,2.34,0,1.95,kg,,true,
2026-09-14,901832,0.85,0,1.7,kg,,true,
2026-09-14,761110,0.66,0,4.4,kg,,true,
2026-09-14,865040,1.46,0,1.95,kg,,true,
2026-09-14,901810,4.45,0,6.36,kg,,true,
2026-09-14,787232,3.99,0,0.399,pc,,true,
2026-09-14,787229,2.59,0,3.2375,kg,,true,
2026-09-14,441027,1.55,0,2.07,L,,true,
2026-09-14,630347,9.35,0,0.28,pc,,true,
2026-09-14,610233,1.79,0,17.9,L,,true,
2026-09-14,751602,3.65,0,4.87,L,,true,
2026-09-15,404125,2.85,0,1.43,L,,true,
2026-09-15,888825,2.99,0,3.74,kg,,true,
2026-09-15,703285,2.8,0,9.33,kg,,true,
2026-09-15,615970,6.27,0,10.45,kg,,true,
2026-09-15,906882,2.99,0,11.96,kg,,true,
2026-09-15,800487,2.65,0,11.78,kg,Only,true,
2026-09-15,906001,1.4,0,7,kg,,true,
2026-09-15,784773,4.15,0,0.35,pc,,true,
2026-09-15,831392,1.99,0,13.27,kg,,true,
2026-09-15,905119,2.2,2.8,11,kg,Pick Of The Week,true,
2026-09-15,800591,1.95,0,2.17,kg,,true,
2026-09-15,108783,1.79,0,3.25,kg,,true,
2026-09-15,902231,6.84,0,7.6,kg,,true,
2026-09-15,857232,4.25,0,5.31,kg,,true,
2026-09-15,903005,4.28,0,5.71,kg,,true,
2026-09-15,896880,2.49,0,8.3,kg,,true,
2026-09-15,881310,2.49,0,5.93,kg,,true,
2026-09-15,873734,3.99,0,8.87,kg,,true,
2026-09-15,760013,3.99,0,8.14,kg,Only,true,
2026-09-15,790517,0.79,0,1.58,kg,,true,
2026-09-15,879463,1.99,0,3.98,kg,Pick Of The Week,true,
2026-09-15,899949,2.95,0,1.97,kg,,true,
2026-09-15,837230,16.49,0,8.25,L,,true,
2026-09-15,821581,6.39,0,2.13,L,,true,
2026-09-15,785711,0.99,0,0.99,kg,,true,
2026-09-15,863983,3.06,0,2.55,kg,,true,
2026-09-15,128100,1.99,0,3.98,kg,,true,
2026-09-15,765561,2.19,0,14.6,kg,,true,
2026-09-15,111465,3.15,0,6.3,kg,Only,true,
2026-09-15,894152,3.65,0,6.64,kg,Only,true,
2026-09-15,129681,3.59,0,17.95,kg,Only,true,
2026-09-15,803448,2.3,0,0.06,pc,,true,
2026-09-15,777472,3.19,0,6.72,kg,,true,
2026-09-15,618125,1.99,0,5.38,kg,,true,
2026-09-15,134531,3.59,0,8.98,kg,,true,
2026-09-15,782097,3.15,0,6.3,kg,,true,
2026-09-15,893602,2.1,0,13.13,kg,,true,
2026-09-15,618973,2.19,0,24.33,kg,,true,
2026-09-15,619770,3.95,0,1.76,L,Only,true,
2026-09-15,402660,2.25,0,0.25,L,Only,true,
2026-09-15,108140,1.95,0,1.3,L,Only,true,
2026-09-15,342813,7.99,0,2,L,Only,true,
2026-09-15,108839,3.59,0,4.79,L,,true,
2026-09-15,901801,3.69,0,3.35,kg,,true,
2026-09-15,901802,0.6,0,0.86,kg,,true,
2026-09-15,770756,3.51,0,1.76,kg,,true,
2026-09-15,864395,3.09,0,1.93,kg,,true,
2026-09-15,901457,2.15,0,2.15,kg,,true,
2026-09-15,861853,1.99,2.65,2.49,kg,Price Drop,true,
2026-09-15,901100,2.34,0,1.95,kg,,true,
2026-09-15,901832,0.85,0,1.7,kg,,true,
2026-09-15,761110,0.66,0,4.4,kg,,true,
2026-09-15,865040,1.46,0,1.95,kg,,true,
2026-09-15,901810,4.45,0,6.36,kg,,true,
2026-09-15,787232,3.99,0,0.399,pc,,true,
2026-09-15,787229,2.59,0,3.2375,kg,,true,
2026-09-15,441027,1.55,0,2.07,L,,true,
2026-09-15,630347,9.35,0,0.28,pc,,true,
2026-09-15,610233,1.79,0,17.9,L,,true,
2026-09-15,751602,3.65,0,4.87,L,,true,
2026-09-16,404125,2.85,0,1.43,L,,true,
2026-09-16,888825,2.99,0,3.74,kg,,true,
2026-09-16,703285,2.8,0,9.33,kg,,true,
2026-09-16,615970,6.27,0,10.45,kg,,true,
2026-09-16,906882,2.99,0,11.96,kg,,true,
2026-09-16,800487,2.65,0,11.78,kg,Only,true,
2026-09-16,906001,1.4,0,7,kg,,true,
2026-09-16,784773,4.15,0,0.35,pc,,true,
2026-09-16,831392,1.99,0,13.27,kg,,true,
2026-09-16,905119,2.2,2.8,11,kg,Pick Of The Week,true,
2026-09-16,800591,1.95,0,2.17,kg,,true,
2026-09-16,108783,1.79,0,3.25,kg,,true,
2026-09-16,902231,6.84,0,7.6,kg,,true,
2026-09-16,857232,4.25,0,5.31,kg,,true,
2026-09-16,903005,4.28,0,5.71,kg,,true,
2026-09-16,896880,2.49,0,8.3,kg,,true,
2026-09-16,881310,2.49,0,5.93,kg,,true,
2026-09-16,873734,3.99,0,8.87,kg,,true,
2026-09-16,760013,3.99,0,8.14,kg,Only,true,
2026-09-16,790517,0.79,0,1.58,kg,,true,
2026-09-16,879463,1.99,0,3.98,kg,Pick Of The Week,true,
2026-09-16,899949,2.95,0,1.97,kg,,true,
2026-09-16,837230,16.49,0,8.25,L,,true,
2026-09-16,821581,6.39,0,2.13,L,,true,
2026-09-16,785711,0.99,0,0.99,kg,,true,
2026-09-16,863983,3.06,0,2.55,kg,,true,
2026-09-16,128100,1.99,0,3.98,kg,,true,
2026-09-16,765561,2.19,0,14.6,kg,,true,
2026-09-16,111465,3.15,0,6.3,kg,Only,true,
2026-09-16,894152,3.65,0,6.64,kg,Only,true,
2026-09-16,129681,3.59,0,17.95,kg,Only,true,
2026-09-16,803448,2.3,0,0.06,pc,,true,
2026-09-16,777472,3.19,0,6.72,kg,,true,
2026-09-16,618125,1.99,0,5.38,kg,,true,
2026-09-16,134531,3.59,0,8.98,kg,,true,
2026-09-16,782097,3.15,0,6.3,kg,,true,
2026-09-16,893602,2.1,0,13.13,kg,,true,
2026-09-16,618973,2.19,0,24.33,kg,,true,
2026-09-16,619770,3.95,0,1.76,L,Only,true,
2026-09-16,402660,2.25,0,0.25,L,Only,true,
2026-09-16,108140,1.95,0,1.3,L,Only,true,
2026-09-16,342813,7.99,0,2,L,Only,true,
2026-09-16,108839,3.59,0,4.79,L,,true,
2026-09-16,901801,3.69,0,3.35,kg,,true,
2026-09-16,901802,0.6,0,0.86,kg,,true,
2026-09-16,770756,3.51,0,1.76,kg,,true,
2026-09-16,864395,3.09,0,1.93,kg,,true,
2026-09-16,901457,2.15,0,2.15,kg,,true,
2026-09-16,861853,1.99,2.65,2.49,kg,Price Drop,true,
2026-09-16,901100,2.34,0,1.95,kg,,true,
2026-09-16,901832,0.85,0,1.7,kg,,true,
2026-09-16,761110,0.66,0,4.4,kg,,true,
2026-09-16,865040,1.46,0,1.95,kg,,true,
2026-09-16,901810,4.45,0,6.36,kg,,true,
2026-09-16,787232,3.99,0,0.399,pc,,true,
2026-09-16,787229,2.59,0,3.2375,kg,,true,
2026-09-16,441027,1.55,0,2.07,L,,true,
2026-09-16,630347,9.35,0,0.28,pc,,true,
2026-09-16,610233,1.79,0,17.9,L,,true,
2026-09-16,751602,3.65,0,4.87,L,,true,
2026-09-17,404125,2.85,0,1.43,L,,true,
2026-09-17,888825,2.99,0,3.74,kg,,true,
2026-09-17,703285,2.8,0,9.33,kg,,true,
2026-09-17,615970,6.27,0,10.45,kg,,true,
2026-09-17,906882,2.99,0,11.96,kg,,true,
2026-09-17,800487,2.65,0,11.78,kg,Only,true,
2026-09-17,906001,1.4,0,7,kg,,true,
2026-09-17,784773,4.15,0,0.35,pc,,true,
2026-09-17,831392,1.99,0,13.27,kg,,true,
2026-09-17,905119,2.2,2.8,11,kg,Pick Of The Week,true,
2026-09-17,800591,1.95,0,2.17,kg,,true,
2026-09-17,108783,1.79,0,3.25,kg,,true,
2026-09-17,902231,6.84,0,7.6,kg,,true,
2026-09-17,857232,4.25,0,5.31,kg,,true,
2026-09-17,903005,4.28,0,5.71,kg,,true,
2026-09-17,896880,2.49,0,8.3,kg,,true,
2026-09-17,881310,2.49,0,5.93,kg,,true,
2026-09-17,873734,3.99,0,8.87,kg,,true,
2026-09-17,760013,3.99,0,8.14,kg,Only,true,
2026-09-17,790517,0.79,0,1.58,kg,,true,
2026-09-17,879463,1.99,0,3.98,kg,Pick Of The Week,true,
2026-09-17,899949,2.95,0,1.97,kg,,true,
2026-09-17,837230,16.49,0,8.25,L,,true,
2026-09-17,821581,6.39,0,2.13,L,,true,
2026-09-17,785711,0.99,0,0.99,kg,,true,
2026-09-17,863983,3.06,0,2.55,kg,,true,
2026-09-17,128100,1.99,0,3.98,kg,,true,
2026-09-17,765561,2.19,0,14.6,kg,,true,
2026-09-17,111465,3.15,0,6.3,kg,Only,true,
2026-09-17,894152,3.65,0,6.64,kg,Only,true,
2026-09-17,129681,3.59,0,17.95,kg,Only,true,
2026-09-17,803448,2.3,0,0.06,pc,,true,
2026-09-17,777472,3.19,0,6.72,kg,,true,
2026-09-17,618125,1.99,0,5.38,kg,,true,
2026-09-17,134531,3.59,0,8.98,kg,,true,
2026-09-17,782097,3.15,0,6.3,kg,,true,
2026-09-17,893602,2.1,0,13.13,kg,,true,
2026-09-17,618973,2.19,0,24.33,kg,,true,
2026-09-17,619770,3.95,0,1.76,L,Only,true,
2026-09-17,402660,2.25,0,0.25,L,Only,true,
2026-09-17,108140,1.95,0,1.3,L,Only,true,
2026-09-17,342813,7.99,0,2,L,Only,true,
2026-09-17,108839,3.59,0,4.79,L,,true,
2026-09-17,901801,3.25,0,2.95,kg,,true,
2026-09-17,901802,0.6,0,0.86,kg,,true,
2026-09-17,770756,3.51,0,1.76,kg,,true,
2026-09-17,864395,3.09,0,1.93,kg,,true,
2026-09-17,901457,2.15,0,2.15,kg,,true,
2026-09-17,861853,1.99,2.65,2.49,kg,Price Drop,true,
2026-09-17,901100,2.34,0,1.95,kg,,true,
2026-09-17,901832,0.98,0,1.96,kg,,true,
2026-09-17,761110,0.66,0,4.4,kg,,true,
2026-09-17,865040,1.46,0,1.95,kg,,true,
2026-09-17,901810,4.45,0,6.36,kg,,true,
2026-09-17,787232,3.99,0,0.399,pc,,true,
2026-09-17,787229,2.59,0,3.2375,kg,,true,
2026-09-17,441027,1.55,0,2.07,L,,true,
2026-09-17,630347,9.35,0,0.28,pc,,true,
2026-09-17,610233,1.79,0,17.9,L,,true,
2026-09-17,751602,3.65,0,4.87,L,,true,
2026-09-18,404125,2.85,0,1.43,L,,true,
2026-09-18,888825,2.99,0,3.74,kg,,true,
2026-09-18,703285,2.8,0,9.33,kg,,true,
2026-09-18,615970,6.27,0,10.45,kg,,true,
2026-09-18,906882,2.99,0,11.96,kg,,true,
2026-09-18,800487,2.65,0,11.78,kg,Only,true,
2026-09-18,906001,1.4,0,7,kg,,true,
2026-09-18,784773,4.15,0,0.35,pc,,true,
2026-09-18,831392,1.99,0,13.27,kg,,true,
2026-09-18,905119,2.2,2.8,11,kg,Pick Of The Week,true,
2026-09-18,800591,1.95,0,2.17,kg,,true,
2026-09-18,108783,1.79,0,3.25,kg,,true,
2026-09-18,902231,6.84,0,7.6,kg,,true,
2026-09-18,857232,4.25,0,5.31,kg,,true,
2026-09-18,903005,4.28,0,5.71,kg,,true,
2026-09-18,896880,2.49,0,8.3,kg,,true,
2026-09-18,881310,2.49,0,5.93,kg,,true,
2026-09-18,873734,3.99,0,8.87,kg,,true,
2026-09-18,760013,3.99,0,8.14,kg,Only,true,
2026-09-18,790517,0.79,0,1.58,kg,,true,
2026-09-18,879463,1.99,0,3.98,kg,Pick Of The Week,true,
2026-09-18,899949,2.95,0,1.97,kg,,true,
2026-09-18,837230,16.49,0,8.25,L,,true,
2026-09-18,821581,6.39,0,2.13,L,,true,
2026-09-18,785711,0.99,0,0.99,kg,,true,
2026-09-18,863983,3.06,0,2.55,kg,,true,
2026-09-18,128100,1.99,0,3.98,kg,,true,
2026-09-18,765561,2.19,0,14.6,kg,,true,
2026-09-18,111465,3.15,0,6.3,kg,Only,true,
2026-09-18,894152,3.65,0,6.64,kg,Only,true,
2026-09-18,129681,3.59,0,17.95,kg,Only,true,
2026-09-18,803448,2.3,0,0.06,pc,,true,
2026-09-18,777472,3.19,0,6.72,kg,,true,
2026-09-18,618125,1.99,0,5.38,kg,,true,
2026-09-18,134531,3.59,0,8.98,kg,,true,
2026-09-18,782097,3.15,0,6.3,kg,,true,
2026-09-18,893602,2.1,0,13.13,kg,,true,
2026-09-18,618973,2.19,0,24.33,kg,,true,
2026-09-18,619770,3.95,0,1.76,L,Only,true,
2026-09-18,402660,2.25,0,0.25,L,Only,true,
2026-09-18,108140,1.95,0,1.3,L,Only,true,
2026-09-18,342813,7.99,0,2,L,Only,true,
2026-09-18,108839,3.59,0,4.79,L,,true,
2026-09-18,901801,3.25,0,2.95,kg,,true,
2026-09-18,901802,0.6,0,0.86,kg,,true,
2026-09-18,770756,3.51,0,1.76,kg,,true,
2026-09-18,864395,3.09,0,1.93,kg,,true,
2026-09-18,901457,2.15,0,2.15,kg,,true,
2026-09-18,861853,1.99,2.65,2.49,kg,Price Drop,true,
2026-09-18,901100,2.34,0,1.95,kg,,true,
2026-09-18,901832,0.98,0,1.96,kg,,true,
2026-09-18,761110,0.66,0,4.4,kg,,true,
2026-09-18,865040,1.46,0,1.95,kg,,true,
2026-09-18,901810,4.45,0,6.36,kg,,true,
2026-09-18,787232,3.99,0,0.399,pc,,true,
2026-09-18,787229,2.59,0,3.2375,kg,,true,
2026-09-18,441027,1.55,0,2.07,L,,true,
2026-09-18,630347,9.35,0,0.28,pc,,true,
2026-09-18,610233,1.79,0,17.9,L,,true,
2026-09-18,751602,3.65,0,4.87,L,,true,
2026-09-19,404125,2.85,0,1.43,L,,true,
2026-09-19,888825,2.99,0,3.74,kg,,true,
2026-09-19,703285,2.8,0,9.33,kg,,true,
2026-09-19,615970,6.27,0,10.45,kg,,true,
2026-09-19,906882,2.99,0,11.96,kg,,true,
2026-09-19,800487,2.65,0,11.78,kg,Only,true,
2026-09-19,906001,1.4,0,7,kg,,true,
2026-09-19,784773,4.15,0,0.35,pc,,true,
2026-09-19,831392,1.99,0,13.27,kg,,true,
2026-09-19,905119,2.2,2.8,11,kg,Pick Of The Week,true,
2026-09-19,800591,1.95,0,2.17,kg,,true,
2026-09-19,108783,1.79,0,3.25,kg,,true,
2026-09-19,902231,6.84,0,7.6,kg,,true,
2026-09-19,857232,4.25,0,5.31,kg,,true,
2026-09-19,903005,4.28,0,5.71,kg,,true,
2026-09-19,896880,2.49,0,8.3,kg,,true,
2026-09-19,881310,2.49,0,5.93,kg,,true,
2026-09-19,873734,3.99,0,8.87,kg,,true,
2026-09-19,760013,3.99,0,8.14,kg,Only,true,
2026-09-19,790517,0.79,0,1.58,kg,,true,
2026-09-19,879463,1.99,0,3.98,kg,Pick Of The Week,true,
2026-09-19,899949,2.95,0,1.97,kg,,true,
2026-09-19,837230,16.49,0,8.25,L,,true,
2026-09-19,821581,6.39,0,2.13,L,,true,
2026-09-19,785711,0.99,0,0.99,kg,,true,
2026-09-19,863983,3.06,0,2.55,kg,,true,
2026-09-19,128100,1.99,0,3.98,kg,,true,
2026-09-19,765561,2.19,0,14.6,kg,,true,
2026-09-19,111465,3.15,0,6.3,kg,Only,true,
2026-09-19,894152,3.65,0,6.64,kg,Only,true,
2026-09-19,129681,3.59,0,17.95,kg,Only,true,
2026-09-19,803448,2.3,0,0.06,pc,,true,
2026-09-19,777472,3.19,0,6.72,kg,,true,
2026-09-19,618125,1.99,0,5.38,kg,,true,
2026-09-19,134531,3.59,0,8.98,kg,,true,
2026-09-19,782097,3.15,0,6.3,kg,,true,
2026-09-19,893602,2.1,0,13.13,kg,,true,
2026-09-19,618973,2.19,0,24.33,kg,,true,
2026-09-19,619770,3.95,0,1.76,L,Only,true,
2026-09-19,402660,2.25,0,0.25,L,Only,true,
2026-09-19,108140,1.95,0,1.3,L,Only,true,
2026-09-19,342813,7.99,0,2,L,Only,true,
2026-09-19,108839,3.59,0,4.79,L,,true,
2026-09-19,901801,3.25,0,2.95,kg,,true,
2026-09-19,901802,0.88,0,1.26,kg,,true,
2026-09-19,770756,3.51,0,1.76,kg,,true,
2026-09-19,864395,3.09,0,1.93,kg,,true,
2026-09-19,901457,2.15,0,2.15,kg,,true,
2026-09-19,861853,1.99,2.65,2.49,kg,Price Drop,true,
2026-09-19,901100,2.34,0,1.95,kg,,true,
2026-09-19,901832,0.98,0,1.96,kg,,true,
2026-09-19,761110,0.66,0,4.4,kg,,true,
2026-09-19,865040,1.46,0,1.95,kg,,true,
2026-09-19,901810,4.45,0,6.36,kg,,true,
2026-09-19,787232,3.99,0,0.399,pc,,true,
2026-09-19,787229,2.59,0,3.2375,kg,,true,
2026-09-19,441027,1.55,0,2.07,L,,true,
2026-09-19,630347,9.35,0,0.28,pc,,true,
2026-09-19,610233,1.79,0,17.9,L,,true,
2026-09-19,751602,3.65,0,4.87,L,,true,
2026-09-20,404125,2.85,0,1.43,L,,true,
2026-09-20,888825,2.99,0,3.74,kg,,true,
2026-09-20,703285,2.8,0,9.33,kg,,true,
2026-09-20,615970,6.27,0,10.45,kg,,true,
2026-09-20,906882,2.99,0,11.96,kg,,true,
2026-09-20,800487,2.65,0,11.78,kg,Only,true,
2026-09-20,906001,1.4,0,7,kg,,true,
2026-09-20,784773,4.15,0,0.35,pc,,true,
2026-09-20,831392,1.99,0,13.27,kg,,true,
2026-09-20,905119,2.2,2.8,11,kg,Pick Of The Week,true,
2026-09-20,800591,1.95,0,2.17,kg,,true,
2026-09-20,108783,1.79,0,3.25,kg,,true,
2026-09-20,902231,6.84,0,7.6,kg,,true,
2026-09-20,857232,4.25,0,5.31,kg,,true,
2026-09-20,903005,4.28,0,5.71,kg,,true,
2026-09-20,896880,2.49,0,8.3,kg,,true,
2026-09-20,881310,2.49,0,5.93,kg,,true,
2026-09-20,873734,3.99,0,8.87,kg,,true,
2026-09-20,760013,3.99,0,8.14,kg,Only,true,
2026-09-20,790517,0.79,0,1.58,kg,,true,
2026-09-20,879463,1.99,0,3.98,kg,Pick Of The Week,true,
2026-09-20,899949,2.95,0,1.97,kg,,true,
2026-09-20,837230,16.49,0,8.25,L,,true,
2026-09-20,821581,6.39,0,2.13,L,,true,
2026-09-20,785711,0.99,0,0.99,kg,,true,
2026-09-20,863983,3.06,0,2.55,kg,,true,
2026-09-20,128100,1.99,0,3.98,kg,,true,
2026-09-20,765561,2.19,0,14.6,kg,,true,
2026-09-20,111465,3.15,0,6.3,kg,Only,true,
2026-09-20,894152,3.65,0,6.64,kg,Only,true,
2026-09-20,129681,3.59,0,17.95,kg,Only,true,
2026-09-20,803448,2.3,0,0.06,pc,,true,
2026-09-20,777472,3.19,0,6.72,kg,,true,
2026-09-20,618125,1.99,0,5.38,kg,,true,
2026-09-20,134531,3.59,0,8.98,kg,,true,
2026-09-20,782097,3.15,0,6.3,kg,,true,
2026-09-20,893602,2.1,0,13.13,kg,,true,
2026-09-20,618973,2.19,0,24.33,kg,,true,
2026-09-20,619770,3.95,0,1.76,L,Only,true,
2026-09-20,402660,2.25,0,0.25,L,Only,true,
2026-09-20,108140,1.95,0,1.3,L,Only,true,
2026-09-20,342813,7.99,0,2,L,Only,true,
2026-09-20,108839,3.59,0,4.79,L,,true,
2026-09-20,901801,3.25,0,2.95,kg,,true,
2026-09-20,901802,0.88,0,1.26,kg,,true,
2026-09-20,770756,3.51,0,1.76,kg,,true,
2026-09-20,864395,3.09,0,1.93,kg,,true,
2026-09-20,901457,2.15,0,2.15,kg,,true,
2026-09-20,861853,1.99,2.65,2.49,kg,Price Drop,true,
2026-09-20,901100,2.34,0,1.95,kg,,true,
2026-09-20,901832,0.98,0,1.96,kg,,true,
2026-09-20,761110,0.66,0,4.4,kg,,true,
2026-09-20,865040,1.46,0,1.95,kg,,true,
2026-09-20,901810,4.45,0,6.36,kg,,true,
2026-09-20,787232,3.99,0,0.399,pc,,true,
2026-09-20,787229,2.59,0,3.2375,kg,,true,
2026-09-20,441027,1.55,0,2.07,L,,true,
2026-09-20,630347,9.35,0,0.28,pc,,true,
2026-09-20,610233,1.79,0,17.9,L,,true,
2026-09-20,751602,3.65,0,4.87,L,,true,
2026-09-21,404125,2.85,0,1.43,L,,true,
2026-09-21,888825,2.99,0,3.74,kg,,true,
2026-09-21,703285,2.8,0,9.33,kg,,true,
2026-09-21,615970,6.27,0,10.45,kg,,true,
2026-09-21,906882,2.99,0,11.96,kg,,true,
2026-09-21,800487,2.65,0,11.78,kg,Only,true,
2026-09-21,906001,1.4,0,7,kg,,true,
2026-09-21,784773,4.15,0,0.35,pc,,true,
2026-09-21,831392,1.99,0,13.27,kg,,true,
2026-09-21,905119,2.2,2.8,11,kg,Pick Of The Week,true,
2026-09-21,800591,1.95,0,2.17,kg,,true,
2026-09-21,108783,1.79,0,3.25,kg,,true,
2026-09-21,902231,6.84,0,7.6,kg,,true,
2026-09-21,857232,4.25,0,5.31,kg,,true,
2026-09-21,903005,4.28,0,5.71,kg,,true,
2026-09-21,896880,2.49,0,8.3,kg,,true,
2026-09-21,881310,2.49,0,5.93,kg,,true,
2026-09-21,873734,3.99,0,8.87,kg,,true,
2026-09-21,760013,3.99,0,8.14,kg,Only,true,
2026-09-21,790517,0.79,0,1.58,kg,,true,
2026-09-21,879463,1.99,0,3.98,kg,Pick Of The Week,true,
2026-09-21,899949,2.95,0,1.97,kg,,true,
2026-09-21,837230,16.49,0,8.25,L,,true,
2026-09-21,821581,6.39,0,2.13,L,,true,
2026-09-21,785711,0.99,0,0.99,kg,,true,
2026-09-21,863983,3.06,0,2.55,kg,,true,
2026-09-21,128100,1.99,0,3.98,kg,,true,
2026-09-21,765561,2.19,0,14.6,kg,,true,
2026-09-21,111465,3.15,0,6.3,kg,Only,true,
2026-09-21,894152,3.65,0,6.64,kg,Only,true,
2026-09-21,129681,3.59,0,17.95,kg,Only,true,
2026-09-21,803448,2.3,0,0.06,pc,,true,
2026-09-21,777472,3.19,0,6.72,kg,,true,
2026-09-21,618125,1.99,0,5.38,kg,,true,
2026-09-21,134531,3.59,0,8.98,kg,,true,
2026-09-21,782097,3.15,0,6.3,kg,,true,
2026-09-21,893602,2.1,0,13.13,kg,,true,
2026-09-21,618973,2.19,0,24.33,kg,,true,
2026-09-21,619770,3.95,0,1.76,L,Only,true,
2026-09-21,402660,2.25,0,0.25,L,Only,true,
2026-09-21,108140,1.95,0,1.3,L,Only,true,
2026-09-21,342813,7.99,0,2,L,Only,true,
2026-09-21,108839,3.59,0,4.79,L,,true,
2026-09-21,901801,3.41,0,3.1,kg,,true,
2026-09-21,901802,0.88,0,1.26,kg,,true,
2026-09-21,770756,3.51,0,1.76,kg,,true,
2026-09-21,864395,3.09,0,1.93,kg,,true,
2026-09-21,901457,2.15,0,2.15,kg,,true,
2026-09-21,861853,1.99,2.65,2.49,kg,Price Drop,true,
2026-09-21,901100,2.34,0,1.95,kg,,true,
2026-09-21,901832,0.98,0,1.96,kg,,true,
2026-09-21,761110,0.66,0,4.4,kg,,true,
2026-09-21,865040,1.46,0,1.95,kg,,true,
2026-09-21,901810,4.38,0,6.26,kg,,true,
2026-09-21,787232,3.99,0,0.399,pc,,true,
2026-09-21,787229,2.59,0,3.2375,kg,,true,
2026-09-21,441027,1.55,0,2.07,L,,true,
2026-09-21,630347,9.35,0,0.28,pc,,true,
2026-09-21,610233,1.79,0,17.9,L,,true,
2026-09-21,751602,3.65,0,4.87,L,,true,
2026-09-22,404125,2.85,0,1.43,L,,true,
2026-09-22,888825,2.99,0,3.74,kg,,true,
2026-09-22,703285,2.8,0,9.33,kg,,true,
2026-09-22,615970,6.27,0,10.45,kg,,true,
2026-09-22,906882,2.99,0,11.96,kg,,true,
2026-09-22,800487,2.65,0,11.78,kg,Only,true,
2026-09-22,906001,1.4,0,7,kg,,true,
2026-09-22,784773,4.15,0,0.35,pc,,true,
2026-09-22,831392,1.99,0,13.27,kg,,true,
2026-09-22,905119,2.2,2.8,11,kg,Pick Of The Week,true,
2026-09-22,800591,1.95,0,2.17,kg,,true,
2026-09-22,108783,1.79,0,3.25,kg,,true,
2026-09-22,902231,6.84,0,7.6,kg,,true,
2026-09-22,857232,4.25,0,5.31,kg,,true,
2026-09-22,903005,4.28,0,5.71,kg,,true,
2026-09-22,896880,2.49,0,8.3,kg,,true,
2026-09-22,881310,2.49,0,5.93,kg,,true,
2026-09-22,873734,3.99,0,8.87,kg,,true,
2026-09-22,760013,3.99,0,8.14,kg,Only,true,
2026-09-22,790517,0.79,0,1.58,kg,,true,
2026-09-22,879463,1.99,0,3.98,kg,Pick Of The Week,true,
2026-09-22,899949,2.95,0,1.97,kg,,true,
2026-09-22,837230,16.49,0,8.25,L,,true,
2026-09-22,821581,6.39,0,2.13,L,,true,
2026-09-22,785711,0.99,0,0.99,kg,,true,
2026-09-22,863983,3.06,0,2.55,kg,,true,
2026-09-22,128100,1.99,0,3.98,kg,,true,
2026-09-22,765561,2.19,0,14.6,kg,,true,
2026-09-22,111465,3.15,0,6.3,kg,Only,true,
2026-09-22,894152,3.65,0,6.64,kg,Only,true,
2026-09-22,129681,3.59,0,17.95,kg,Only,true,
2026-09-22,803448,2.3,0,0.06,pc,,true,
2026-09-22,777472,3.19,0,6.72,kg,,true,
2026-09-22,618125,1.99,0,5.38,kg,,true,
2026-09-22,134531,3.59,0,8.98,kg,,true,
2026-09-22,782097,3.15,0,6.3,kg,,true,
2026-09-22,893602,2.1,0,13.13,kg,,true,
2026-09-22,618973,2.19,0,24.33,kg,,true,
2026-09-22,619770,3.95,0,1.76,L,Only,true,
2026-09-22,402660,1.99,0,0.22,L,Only,true,
2026-09-22,108140,1.95,0,1.3,L,Only,true,
2026-09-22,342813,7.99,0,2,L,Only,true,
2026-09-22,108839,3.59,0,4.79,L,,true,
2026-09-22,901801,3.41,0,3.1,kg,,true,
2026-09-22,901802,0.88,0,1.26,kg,,true,
2026-09-22,770756,3.51,0,1.76,kg,,true,
2026-09-22,864395,3.09,0,1.93,kg,,true,
2026-09-22,901457,2.15,0,2.15,kg,,true,
2026-09-22,861853,1.99,2.65,2.49,kg,Price Drop,true,
2026-09-22,901100,2.34,0,1.95,kg,,true,
2026-09-22,901832,0.98,0,1.96,kg,,true,
2026-09-22,761110,0.66,0,4.4,kg,,true,
2026-09-22,865040,1.46,0,1.95,kg,,true,
2026-09-22,901810,4.38,0,6.26,kg,,true,
2026-09-22,787232,3.99,0,0.399,pc,,true,
2026-09-22,787229,2.59,0,3.2375,kg,,true,
2026-09-22,441027,1.55,0,2.07,L,,true,
2026-09-22,630347,9.35,0,0.28,pc,,true,
2026-09-22,610233,1.79,0,17.9,L,,true,
2026-09-22,751602,3.65,0,4.87,L,,true,
2026-09-23,404125,2.85,0,1.43,L,,true,
2026-09-23,888825,2.99,0,3.74,kg,,true,
2026-09-23,703285,2.8,0,9.33,kg,,true,
2026-09-23,615970,6.27,0,10.45,kg,,true,
2026-09-23,906882,2.99,0,11.96,kg,,true,
2026-09-23,800487,2.65,0,11.78,kg,Only,true,
2026-09-23,906001,1.4,0,7,kg,,true,
2026-09-23,784773,4.15,0,0.35,pc,,true,
2026-09-23,831392,1.99,0,13.27,kg,,true,
2026-09-23,905119,2.2,2.8,11,kg,Pick Of The Week,true,
2026-09-23,800591,1.95,0,2.17,kg,,true,
2026-09-23,108783,1.79,0,3.25,kg,,true,
2026-09-23,902231,6.84,0,7.6,kg,,true,
2026-09-23,857232,4.25,0,5.31,kg,,true,
2026-09-23,903005,4.28,0,5.71,kg,,true,
2026-09-23,896880,2.49,0,8.3,kg,,true,
2026-09-23,881310,2.49,0,5.93,kg,,true,
2026-09-23,873734,3.99,0,8.87,kg,,true,
2026-09-23,760013,3.99,0,8.14,kg,Only,true,
2026-09-23,790517,0.79,0,1.58,kg,,true,
2026-09-23,879463,1.99,0,3.98,kg,Pick Of The Week,true,
2026-09-23,899949,2.95,0,1.97,kg,,true,
2026-09-23,837230,16.49,0,8.25,L,,true,
2026-09-23,821581,6.39,0,2.13,L,,true,
2026-09-23,785711,0.99,0,0.99,kg,,true,
2026-09-23,863983,3.06,0,2.55,kg,,true,
2026-09-23,128100,1.99,0,3.98,kg,,true,
2026-09-23,765561,2.19,0,14.6,kg,,true,
2026-09-23,111465,3.15,0,6.3,kg,Only,true,
2026-09-23,894152,3.65,0,6.64,kg,Only,true,
2026-09-23,129681,3.59,0,17.95,kg,Only,true,
2026-09-23,803448,2.3,0,0.06,pc,,true,
2026-09-23,777472,3.19,0,6.72,kg,,true,
2026-09-23,618125,1.99,0,5.38,kg,,true,
2026-09-23,134531,3.59,0,8.98,kg,,true,
2026-09-23,782097,3.15,0,6.3,kg,,true,
2026-09-23,893602,2.1,0,13.13,kg,,true,
2026-09-23,618973,2.19,0,24.33,kg,,true,
2026-09-23,619770,3.95,0,1.76,L,Only,true,
2026-09-23,402660,1.99,0,0.22,L,Only,true,
2026-09-23,108140,1.95,0,1.3,L,Only,true,
2026-09-23,342813,7.99,0,2,L,Only,true,
2026-09-23,108839,3.59,0,4.79,L,,true,
2026-09-23,901801,3.41,0,3.1,kg,,true,
2026-09-23,901802,0.88,0,1.26,kg,,true,
2026-09-23,770756,3.51,0,1.76,kg,,true,
2026-09-23,864395,3.09,0,1.93,kg,,true,
2026-09-23,901457,2.15,0,2.15,kg,,true,
2026-09-23,861853,1.99,2.65,2.49,kg,Price Drop,true,
2026-09-23,901100,2.34,0,1.95,kg,,true,
2026-09-23,901832,0.98,0,1.96,kg,,true,
2026-09-23,761110,0.66,0,4.4,kg,,true,
2026-09-23,865040,1.46,0,1.95,kg,,true,
2026-09-23,901810,4.38,0,6.26,kg,,true,
2026-09-23,787232,3.99,0,0.399,pc,,true,
2026-09-23,787229,2.59,0,3.2375,kg,,true,
2026-09-23,441027,1.55,0,2.07,L,,true,
2026-09-23,630347,9.35,0,0.28,pc,,true,
2026-09-23,610233,1.79,0,17.9,L,,true,
2026-09-23,751602,3.65,0,4.87,L,,true,
2026-09-24,404125,2.85,0,1.43,L,,true,
2026-09-24,888825,2.99,0,3.74,kg,,true,
2026-09-24,703285,2.8,0,9.33,kg,,true,
2026-09-24,615970,6.27,0,10.45,kg,,true,
2026-09-24,906882,2.99,0,11.96,kg,,true,
2026-09-24,800487,2.65,0,11.78,kg,Only,true,
2026-09-24,906001,1.4,0,7,kg,,true,
2026-09-24,784773,4.15,0,0.35,pc,,true,
2026-09-24,831392,1.99,0,13.27,kg,,true,
2026-09-24,905119,2.2,2.8,11,kg,Pick Of The Week,true,
2026-09-24,800591,1.95,0,2.17,kg,,true,
2026-09-24,108783,1.79,0,3.25,kg,,true,
2026-09-24,902231,6.84,0,7.6,kg,,true,
2026-09-24,857232,4.25,0,5.31,kg,,true,
2026-09-24,903005,4.28,0,5.71,kg,,true,
2026-09-24,896880,2.49,0,8.3,kg,,true,
2026-09-24,881310,2.49,0,5.93,kg,,true,
2026-09-24,873734,3.99,0,8.87,kg,,true,
2026-09-24,760013,3.99,0,8.14,kg,Only,true,
2026-09-24,790517,0.79,0,1.58,kg,,true,
2026-09-24,879463,1.99,0,3.98,kg,Pick Of The Week,true,
2026-09-24,899949,2.95,0,1.97,kg,,true,
2026-09-24,837230,16.49,0,8.25,L,,true,
2026-09-24,821581,6.39,0,2.13,L,,true,
2026-09-24,785711,0.99,0,0.99,kg,,true,
2026-09-24,863983,3.06,0,2.55,kg,,true,
2026-09-24,128100,1.99,0,3.98,kg,,true,
2026-09-24,765561,2.19,0,14.6,kg,,true,
2026-09-24,111465,3.15,0,6.3,kg,Only,true,
2026-09-24,894152,3.65,0,6.64,kg,Only,true,
2026-09-24,129681,3.59,0,17.95,kg,Only,true,
2026-09-24,803448,2.3,0,0.06,pc,,true,
2026-09-24,777472,3.19,0,6.72,kg,,true,
2026-09-24,618125,1.99,0,5.38,kg,,true,
2026-09-24,134531,3.59,0,8.98,kg,,true,
2026-09-24,782097,3.15,0,6.3,kg,,true,
2026-09-24,893602,2.1,0,13.13,kg,,true,
2026-09-24,618973,2.19,0,24.33,kg,,true,
2026-09-24,619770,3.95,0,1.76,L,Only,true,
2026-09-24,402660,1.99,0,0.22,L,Only,true,
2026-09-24,108140,1.95,0,1.3,L,Only,true,
2026-09-24,342813,7.99,0,2,L,Only,true,
2026-09-24,108839,3.59,0,4.79,L,,true,
2026-09-24,901801,3.41,0,3.1,kg,,true,
2026-09-24,901802,1.33,0,1.9,kg,,true,
2026-09-24,770756,3.51,0,1.76,kg,,true,
2026-09-24,864395,3.09,0,1.93,kg,,true,
2026-09-24,901457,2.15,0,2.15,kg,,true,
2026-09-24,861853,1.99,2.65,2.49,kg,Price Drop,true,
2026-09-24,901100,2.34,0,1.95,kg,,true,
2026-09-24,901832,0.98,0,1.96,kg,,true,
2026-09-24,761110,0.66,0,4.4,kg,,true,
2026-09-24,865040,1.46,0,1.95,kg,,true,
2026-09-24,901810,4.45,0,6.36,kg,,true,
2026-09-24,787232,3.99,0,0.399,pc,,true,
2026-09-24,787229,2.59,0,3.2375,kg,,true,
2026-09-24,441027,1.55,0,2.07,L,,true,
2026-09-24,630347,9.35,0,0.28,pc,,true,
2026-09-24,610233,1.79,0,17.9,L,,true,
2026-09-24,751602,3.65,0,4.87,L,,true,
2026-09-25,404125,2.85,0,1.43,L,,true,
2026-09-25,888825,2.99,0,3.74,kg,,true,
2026-09-25,703285,2.8,0,9.33,kg,,true,
2026-09-25,615970,6.27,0,10.45,kg,,true,
2026-09-25,906882,2.99,0,11.96,kg,,true,
2026-09-25,800487,2.65,0,11.78,kg,Only,true,
2026-09-25,906001,1.4,0,7,kg,,true,
2026-09-25,784773,4.15,0,0.35,pc,,true,
2026-09-25,831392,1.99,0,13.27,kg,,true,
2026-09-25,905119,2.2,2.8,11,kg,Pick Of The Week,true,
2026-09-25,800591,1.95,0,2.17,kg,,true,
2026-09-25,108783,1.79,0,3.25,kg,,true,
2026-09-25,902231,6.84,0,7.6,kg,,true,
2026-09-25,857232,4.25,0,5.31,kg,,true,
2026-09-25,903005,4.28,0,5.71,kg,,true,
2026-09-25,896880,2.49,0,8.3,kg,,true,
2026-09-25,881310,2.49,0,5.93,kg,,true,
2026-09-25,873734,3.99,0,8.87,kg,,true,
2026-09-25,760013,3.99,0,8.14,kg,Only,true,
2026-09-25,790517,0.79,0,1.58,kg,,true,
2026-09-25,879463,1.99,0,3.98,kg,Pick Of The Week,true,
2026-09-25,899949,2.95,0,1.97,kg,,true,
2026-09-25,837230,16.49,0,8.25,L,,true,
2026-09-25,821581,6.39,0,2.13,L,,true,
2026-09-25,785711,0.99,0,0.99,kg,,true,
2026-09-25,863983,3.06,0,2.55,kg,,true,
2026-09-25,128100,1.99,0,3.98,kg,,true,
2026-09-25,765561,2.19,0,14.6,kg,,true,
2026-09-25,111465,3.15,0,6.3,kg,Only,true,
2026-09-25,894152,3.65,0,6.64,kg,Only,true,
2026-09-25,129681,3.59,0,17.95,kg,Only,true,
2026-09-25,803448,2.3,0,0.06,pc,,true,
2026-09-25,777472,3.19,0,6.72,kg,,true,
2026-09-25,618125,1.99,0,5.38,kg,,true,
2026-09-25,134531,3.59,0,8.98,kg,,true,
2026-09-25,782097,3.15,0,6.3,kg,,true,
2026-09-25,893602,2.1,0,13.13,kg,,true,
2026-09-25,618973,2.19,0,24.33,kg,,true,
2026-09-25,619770,3.95,0,1.76,L,Only,true,
2026-09-25,402660,1.99,0,0.22,L,Only,true,
2026-09-25,108140,1.95,0,1.3,L,Only,true,
2026-09-25,342813,7.99,0,2,L,Only,true,
2026-09-25,108839,3.59,0,4.79,L,,true,
2026-09-25,901801,3.41,0,3.1,kg,,true,
2026-09-25,901802,1.33,0,1.9,kg,,true,
2026-09-25,770756,3.51,0,1.76,kg,,true,
2026-09-25,864395,3.09,0,1.93,kg,,true,
2026-09-25,901457,2.15,0,2.15,kg,,true,
2026-09-25,861853,1.99,2.65,2.49,kg,Price Drop,true,
2026-09-25,901100,2.34,0,1.95,kg,,true,
2026-09-25,901832,0.98,0,1.96,kg,,true,
2026-09-25,761110,0.66,0,4.4,kg,,true,
2026-09-25,865040,1.46,0,1.95,kg,,true,
2026-09-25,901810,4.45,0,6.36,kg,,true,
2026-09-25,787232,3.99,0,0.399,pc,,true,
2026-09-25,787229,2.59,0,3.2375,kg,,true,
2026-09-25,441027,1.55,0,2.07,L,,true,
2026-09-25,630347,9.35,0,0.28,pc,,true,
2026-09-25,610233,1.79,0,17.9,L,,true,
2026-09-25,751602,3.65,0,4.87,L,,true,
2026-09-26,404125,2.85,0,1.43,L,,true,
2026-09-26,888825,2.99,0,3.74,kg,,true,
2026-09-26,703285,2.8,0,9.33,kg,,true,
2026-09-26,615970,6.27,0,10.45,kg,,true,
2026-09-26,906882,2.99,0,11.96,kg,,true,
2026-09-26,800487,2.65,0,11.78,kg,Only,true,
2026-09-26,906001,1.4,0,7,kg,,true,
2026-09-26,784773,4.15,0,0.35,pc,,true,
2026-09-26,831392,1.99,0,13.27,kg,,true,
2026-09-26,905119,2.2,2.8,11,kg,Pick Of The Week,true,
2026-09-26,800591,1.95,0,2.17,kg,,true,
2026-09-26,108783,1.79,0,3.25,kg,,true,
2026-09-26,902231,6.84,0,7.6,kg,,true,
2026-09-26,857232,4.25,0,5.31,kg,,true,
2026-09-26,903005,4.28,0,5.71,kg,,true,
2026-09-26,896880,2.49,0,8.3,kg,,true,
2026-09-26,881310,2.49,0,5.93,kg,,true,
2026-09-26,873734,3.99,0,8.87,kg,,true,
2026-09-26,760013,3.99,0,8.14,kg,Only,true,
2026-09-26,790517,0.79,0,1.58,kg,,true,
2026-09-26,879463,1.99,0,3.98,kg,Pick Of The Week,true,
2026-09-26,899949,2.95,0,1.97,kg,,true,
2026-09-26,837230,16.49,0,8.25,L,,true,
2026-09-26,821581,6.39,0,2.13,L,,true,
2026-09-26,785711,0.99,0,0.99,kg,,true,
2026-09-26,863983,3.06,0,2.55,kg,,true,
2026-09-26,128100,1.99,0,3.98,kg,,true,
2026-09-26,765561,2.19,0,14.6,kg,,true,
2026-09-26,111465,3.15,0,6.3,kg,Only,true,
2026-09-26,894152,3.65,0,6.64,kg,Only,true,
2026-09-26,129681,3.59,0,17.95,kg,Only,true,
2026-09-26,803448,2.3,0,0.06,pc,,true,
2026-09-26,777472,3.19,0,6.72,kg,,true,
2026-09-26,618125,1.99,0,5.38,kg,,true,
2026-09-26,134531,3.59,0,8.98,kg,,true,
2026-09-26,782097,3.15,0,6.3,kg,,true,
2026-09-26,893602,2.1,0,13.13,kg,,true,
2026-09-26,618973,2.19,0,24.33,kg,,true,
2026-09-26,619770,3.95,0,1.76,L,Only,true,
2026-09-26,402660,1.99,0,0.22,L,Only,true,
2026-09-26,108140,1.95,0,1.3,L,Only,true,
2026-09-26,342813,7.99,0,2,L,Only,true,
2026-09-26,108839,3.59,0,4.79,L,,true,
2026-09-26,901801,2.92,0,2.65,kg,,true,
2026-09-26,901802,1.12,0,1.6,kg,,true,
2026-09-26,770756,3.51,0,1.76,kg,,true,
2026-09-26,864395,3.09,0,1.93,kg,,true,
2026-09-26,901457,2.15,0,2.15,kg,,true,
2026-09-26,861853,1.99,2.65,2.49,kg,Price Drop,true,
2026-09-26,901100,2.34,0,1.95,kg,,true,
2026-09-26,901832,0.98,0,1.96,kg,,true,
2026-09-26,761110,0.66,0,4.4,kg,,true,
2026-09-26,865040,1.46,0,1.95,kg,,true,
2026-09-26,901810,4.27,0,6.1,kg,,true,
2026-09-26,787232,3.99,0,0.399,pc,,true,
2026-09-26,787229,2.59,0,3.2375,kg,,true,
2026-09-26,441027,1.55,0,2.07,L,,true,
2026-09-26,630347,9.35,0,0.28,pc,,true,
2026-09-26,610233,1.79,0,17.9,L,,true,
2026-09-26,751602,3.65,0,4.87,L,,true,
2026-09-27,404125,2.85,0,1.43,L,,true,
2026-09-27,888825,2.99,0,3.74,kg,,true,
2026-09-27,703285,2.8,0,9.33,kg,,true,
2026-09-27,615970,6.27,0,10.45,kg,,true,
2026-09-27,906882,2.99,0,11.96,kg,,true,
2026-09-27,800487,2.65,0,11.78,kg,Only,true,
2026-09-27,906001,1.4,0,7,kg,,true,
2026-09-27,784773,4.15,0,0.35,pc,,true,
2026-09-27,831392,1.99,0,13.27,kg,,true,
2026-09-27,905119,2.2,2.8,11,kg,Pick Of The Week,true,
2026-09-27,800591,1.95,0,2.17,kg,,true,
2026-09-27,108783,1.79,0,3.25,kg,,true,
2026-09-27,902231,6.84,0,7.6,kg,,true,
2026-09-27,857232,4.25,0,5.31,kg,,true,
2026-09-27,903005,4.28,0,5.71,kg,,true,
2026-09-27,896880,2.49,0,8.3,kg,,true,
2026-09-27,881310,2.49,0,5.93,kg,,true,
2026-09-27,873734,3.99,0,8.87,kg,,true,
2026-09-27,760013,3.99,0,8.14,kg,Only,true,
2026-09-27,790517,0.79,0,1.58,kg,,true,
2026-09-27,879463,1.99,0,3.98,kg,Pick Of The Week,true,
2026-09-27,899949,2.95,0,1.97,kg,,true,
2026-09-27,837230,16.49,0,8.25,L,,true,
2026-09-27,821581,6.39,0,2.13,L,,true,
2026-09-27,785711,0.99,0,0.99,kg,,true,
2026-09-27,863983,3.06,0,2.55,kg,,true,
2026-09-27,128100,1.99,0,3.98,kg,,true,
2026-09-27,765561,2.19,0,14.6,kg,,true,
2026-09-27,111465,3.15,0,6.3,kg,Only,true,
2026-09-27,894152,3.65,0,6.64,kg,Only,true,
2026-09-27,129681,3.59,0,17.95,kg,Only,true,
2026-09-27,803448,2.3,0,0.06,pc,,true,
2026-09-27,777472,3.19,0,6.72,kg,,true,
2026-09-27,618125,1.99,0,5.38,kg,,true,
2026-09-27,134531,3.59,0,8.98,kg,,true,
2026-09-27,782097,3.15,0,6.3,kg,,true,
2026-09-27,893602,2.1,0,13.13,kg,,true,
2026-09-27,618973,2.19,0,24.33,kg,,true,
2026-09-27,619770,3.95,0,1.76,L,Only,true,
2026-09-27,402660,1.99,0,0.22,L,Only,true,
2026-09-27,108140,1.95,0,1.3,L,Only,true,
2026-09-27,342813,7.99,0,2,L,Only,true,
2026-09-27,108839,3.59,0,4.79,L,,true,
2026-09-27,901801,2.92,0,2.65,kg,,true,
2026-09-27,901802,1.12,0,1.6,kg,,true,
2026-09-27,770756,3.51,0,1.76,kg,,true,
2026-09-27,864395,3.09,0,1.93,kg,,true,
2026-09-27,901457,2.15,0,2.15,kg,,true,
2026-09-27,861853,1.99,2.65,2.49,kg,Price Drop,true,
2026-09-27,901100,2.34,0,1.95,kg,,true,
2026-09-27,901832,0.98,0,1.96,kg,,true,
2026-09-27,761110,0.66,0,4.4,kg,,true,
2026-09-27,865040,1.46,0,1.95,kg,,true,
2026-09-27,901810,4.27,0,6.1,kg,,true,
2026-09-27,787232,3.99,0,0.399,pc,,true,
2026-09-27,787229,2.59,0,3.2375,kg,,true,
2026-09-27,441027,1.55,0,2.07,L,,true,
2026-09-27,630347,9.35,0,0.28,pc,,true,
2026-09-27,610233,1.79,0,17.9,L,,true,
2026-09-27,751602,3.65,0,4.87,L,,true,
2026-09-28,404125,2.85,0,1.43,L,,true,
2026-09-28,888825,2.99,0,3.74,kg,,true,
2026-09-28,703285,2.8,0,9.33,kg,,true,
2026-09-28,615970,6.27,0,10.45,kg,,true,
2026-09-28,906882,2.99,0,11.96,kg,,true,
2026-09-28,800487,2.65,0,11.78,kg,Only,true,
2026-09-28,906001,1.4,0,7,kg,,true,
2026-09-28,784773,4.15,0,0.35,pc,,true,
2026-09-28,831392,1.99,0,13.27,kg,,true,
2026-09-28,905119,2.2,2.8,11,kg,Pick Of The Week,true,
2026-09-28,800591,1.95,0,2.17,kg,,true,
2026-09-28,108783,1.79,0,3.25,kg,,true,
2026-09-28,902231,6.84,0,7.6,kg,,true,
2026-09-28,857232,4.25,0,5.31,kg,,true,
2026-09-28,903005,4.28,0,5.71,kg,,true,
2026-09-28,896880,2.49,0,8.3,kg,,true,
2026-09-28,881310,2.49,0,5.93,kg,,true,
2026-09-28,873734,3.99,0,8.87,kg,,true,
2026-09-28,760013,3.99,0,8.14,kg,Only,true,
2026-09-28,790517,0.79,0,1.58,kg,,true,
2026-09-28,879463,1.99,0,3.98,kg,Pick Of The Week,true,
2026-09-28,899949,2.95,0,1.97,kg,,true,
2026-09-28,837230,16.49,0,8.25,L,,true,
2026-09-28,821581,6.39,0,2.13,L,,true,
2026-09-28,785711,0.99,0,0.99,kg,,true,
2026-09-28,863983,3.06,0,2.55,kg,,true,
2026-09-28,128100,1.99,0,3.98,kg,,true,
2026-09-28,765561,2.19,0,14.6,kg,,true,
2026-09-28,111465,3.15,0,6.3,kg,Only,true,
2026-09-28,894152,3.65,0,6.64,kg,Only,true,
2026-09-28,129681,3.59,0,17.95,kg,Only,true,
2026-09-28,803448,2.3,0,0.06,pc,,true,
2026-09-28,777472,3.19,0,6.72,kg,,true,
2026-09-28,618125,1.99,0,5.38,kg,,true,
2026-09-28,134531,3.59,0,8.98,kg,,true,
2026-09-28,782097,3.15,0,6.3,kg,,true,
2026-09-28,893602,2.1,0,13.13,kg,,true,
2026-09-28,618973,2.19,0,24.33,kg,,true,
2026-09-28,619770,3.95,0,1.76,L,Only,true,
2026-09-28,402660,1.99,0,0.22,L,Only,true,
2026-09-28,108140,1.95,0,1.3,L,Only,true,
2026-09-28,342813,7.99,0,2,L,Only,true,
2026-09-28,108839,3.59,0,4.79,L,,true,
2026-09-28,901801,3.58,0,3.25,kg,,true,
2026-09-28,901802,1.58,0,2.26,kg,,true,
2026-09-28,770756,3.51,0,1.76,kg,,true,
2026-09-28,864395,3.09,0,1.93,kg,,true,
2026-09-28,901457,2.15,0,2.15,kg,,true,
2026-09-28,861853,1.99,2.65,2.49,kg,Price Drop,true,
2026-09-28,901100,2.34,0,1.95,kg,,true,
2026-09-28,901832,0.98,0,1.96,kg,,true,
2026-09-28,761110,0.66,0,4.4,kg,,true,
2026-09-28,865040,1.46,0,1.95,kg,,true,
2026-09-28,901810,4.27,0,6.1,kg,,true,
2026-09-28,787232,3.99,0,0.399,pc,,true,
2026-09-28,787229,2.59,0,3.2375,kg,,true,
2026-09-28,441027,1.55,0,2.07,L,,true,
2026-09-28,630347,9.35,0,0.28,pc,,true,
2026-09-28,610233,1.79,0,17.9,L,,true,
2026-09-28,751602,3.65,0,4.87,L,,true,
2026-09-29,404125,2.85,0,1.43,L,,true,
2026-09-29,888825,2.99,0,3.74,kg,,true,
2026-09-29,703285,2.8,0,9.33,kg,,true,
2026-09-29,615970,6.27,0,10.45,kg,,true,
2026-09-29,906882,2.99,0,11.96,kg,,true,
2026-09-29,800487,2.65,0,11.78,kg,Only,true,
2026-09-29,906001,1.4,0,7,kg,,true,
2026-09-29,784773,4.15,0,0.35,pc,,true,
2026-09-29,831392,1.99,0,13.27,kg,,true,
2026-09-29,905119,2.2,2.8,11,kg,Pick Of The Week,true,
2026-09-29,800591,1.95,0,2.17,kg,,true,
2026-09-29,108783,1.79,0,3.25,kg,,true,
2026-09-29,902231,6.84,0,7.6,kg,,true,
2026-09-29,857232,4.25,0,5.31,kg,,true,
2026-09-29,903005,4.28,0,5.71,kg,,true,
2026-09-29,896880,2.49,0,8.3,kg,,true,
2026-09-29,881310,2.49,0,5.93,kg,,true,
2026-09-29,873734,3.99,0,8.87,kg,,true,
2026-09-29,760013,3.99,0,8.14,kg,Only,true,
2026-09-29,790517,0.79,0,1.58,kg,,true,
2026-09-29,879463,1.99,0,3.98,kg,Pick Of The Week,true,
2026-09-29,899949,2.95,0,1.97,kg,,true,
2026-09-29,837230,16.49,0,8.25,L,,true,
2026-09-29,821581,6.39,0,2.13,L,,true,
2026-09-29,785711,0.99,0,0.99,kg,,true,
2026-09-29,863983,3.06,0,2.55,kg,,true,
2026-09-29,128100,1.99,0,3.98,kg,,true,
2026-09-29,765561,2.19,0,14.6,kg,,true,
2026-09-29,111465,3.15,0,6.3,kg,Only,true,
2026-09-29,894152,3.65,0,6.64,kg,Only,true,
2026-09-29,129681,3.59,0,17.95,kg,Only,true,
2026-09-29,803448,2.3,0,0.06,pc,,true,
2026-09-29,777472,3.19,0,6.72,kg,,true,
2026-09-29,618125,1.99,0,5.38,kg,,true,
2026-09-29,134531,3.59,0,8.98,kg,,true,
2026-09-29,782097,3.15,0,6.3,kg,,true,
2026-09-29,893602,2.1,0,13.13,kg,,true,
2026-09-29,618973,2.19,0,24.33,kg,,true,
2026-09-29,619770,3.95,0,1.76,L,Only,true,
2026-09-29,402660,1.99,0,0.22,L,Only,true,
2026-09-29,108140,1.95,0,1.3,L,Only,true,
2026-09-29,342813,7.99,0,2,L,Only,true,
2026-09-29,108839,3.59,0,4.79,L,,true,
2026-09-29,901801,3.58,0,3.25,kg,,true,
2026-09-29,901802,1.58,0,2.26,kg,,true,
2026-09-29,770756,3.51,0,1.76,kg,,true,
2026-09-29,864395,3.09,0,1.93,kg,,true,
2026-09-29,901457,2.15,0,2.15,kg,,true,
2026-09-29,861853,1.99,2.65,2.49,kg,Price Drop,true,
2026-09-29,901100,2.34,0,1.95,kg,,true,
2026-09-29,901832,0.98,0,1.96,kg,,true,
2026-09-29,761110,0.66,0,4.4,kg,,true,
2026-09-29,865040,1.46,0,1.95,kg,,true,
2026-09-29,901810,4.27,0,6.1,kg,,true,
2026-09-29,787232,3.99,0,0.399,pc,,true,
2026-09-29,787229,2.59,0,3.2375,kg,,true,
2026-09-29,441027,1.55,0,2.07,L,,true,
2026-09-29,630347,9.35,0,0.28,pc,,true,
2026-09-29,610233,1.79,0,17.9,L,,true,
2026-09-29,751602,3.65,0,4.87,L,,true,
2026-09-30,404125,2.85,0,1.43,L,,true,
2026-09-30,888825,2.99,0,3.74,kg,,true,
2026-09-30,703285,2.8,0,9.33,kg,,true,
2026-09-30,615970,6.27,0,10.45,kg,,true,
2026-09-30,906882,2.99,0,11.96,kg,,true,
2026-09-30,800487,2.65,0,11.78,kg,Only,true,
2026-09-30,906001,1.4,0,7,kg,,true,
2026-09-30,784773,4.15,0,0.35,pc,,true,
2026-09-30,831392,1.99,0,13.27,kg,,true,
2026-09-30,905119,2.2,2.8,11,kg,Pick Of The Week,true,
2026-09-30,800591,1.95,0,2.17,kg,,true,
2026-09-30,108783,1.79,0,3.25,kg,,true,
2026-09-30,902231,6.84,0,7.6,kg,,true,
2026-09-30,857232,4.25,0,5.31,kg,,true,
2026-09-30,903005,4.28,0,5.71,kg,,true,
2026-09-30,896880,2.49,0,8.3,kg,,true,
2026-09-30,881310,2.49,0,5.93,kg,,true,
2026-09-30,873734,3.99,0,8.87,kg,,true,
2026-09-30,760013,3.99,0,8.14,kg,Only,true,
2026-09-30,790517,0.79,0,1.58,kg,,true,
2026-09-30,879463,1.99,0,3.98,kg,Pick Of The Week,true,
2026-09-30,899949,2.95,0,1.97,kg,,true,
2026-09-30,837230,16.49,0,8.25,L,,true,
2026-09-30,821581,6.39,0,2.13,L,,true,
2026-09-30,785711,0.99,0,0.99,kg,,true,
2026-09-30,863983,3.06,0,2.55,kg,,true,
2026-09-30,128100,1.99,0,3.98,kg,,true,
2026-09-30,765561,2.19,0,14.6,kg,,true,
2026-09-30,111465,3.15,0,6.3,kg,Only,true,
2026-09-30,894152,3.65,0,6.64,kg,Only,true,
2026-09-30,129681,3.59,0,17.95,kg,Only,true,
2026-09-30,803448,2.15,0,0.05,pc,Only,true,
2026-09-30,777472,3.19,0,6.72,kg,,true,
2026-09-30,618125,1.99,0,5.38,kg,,true,
2026-09-30,134531,3.59,0,8.98,kg,,true,
2026-09-30,782097,2.99,0,5.98,kg,Price Drop,true,
2026-09-30,893602,2.1,0,13.13,kg,,true,
2026-09-30,618973,2.19,0,24.33,kg,,true,
2026-09-30,619770,3.95,0,1.76,L,Only,true,
2026-09-30,402660,1.99,0,0.22,L,Only,true,
2026-09-30,108140,1.95,0,1.3,L,Only,true,
2026-09-30,342813,7.99,0,2,L,Only,true,
2026-09-30,108839,3.59,0,4.79,L,,true,
2026-09-30,901801,3.58,0,3.25,kg,,true,
2026-09-30,901802,1.58,0,2.26,kg,,true,
2026-09-30,770756,3.51,0,1.76,kg,,true,
2026-09-30,864395,3.09,0,1.93,kg,,true,
2026-09-30,901457,2.15,0,2.15,kg,,true,
2026-09-30,861853,1.99,2.65,2.49,kg,Price Drop,true,
2026-09-30,901100,2.34,0,1.95,kg,,true,
2026-09-30,901832,0.98,0,1.96,kg,,true,
2026-09-30,761110,0.66,0,4.4,kg,,true,
2026-09-30,865040,1.46,0,1.95,kg,,true,
2026-09-30,901810,4.27,0,6.1,kg,,true,
2026-09-30,787232,3.99,0,0.399,pc,,true,
2026-09-30,787229,2.59,0,3.2375,kg,,true,
2026-09-30,441027,1.55,0,2.07,L,,true,
2026-09-30,630347,9.35,0,0.28,pc,,true,
2026-09-30,610233,1.79,0,17.9,L,,true,
2026-09-30,751602,3.65,0,4.87,L,,true,
2026-10-01,404125,2.85,0,1.43,L,,true,
2026-10-01,888825,2.99,0,3.74,kg,,true,
2026-10-01,703285,2.8,0,9.33,kg,,true,
2026-10-01,615970,6.27,0,10.45,kg,,true,
2026-10-01,906882,2.99,0,11.96,kg,,true,
2026-10-01,800487,2.99,0,13.29,kg,Pick Of The Week,true,
2026-10-01,906001,1.4,0,7,kg,,true,
2026-10-01,784773,4.15,0,0.35,pc,,true,
2026-10-01,831392,1.99,0,13.27,kg,,true,
2026-10-01,905119,2.8,0,14,kg,,true,
2026-10-01,800591,1.95,0,2.17,kg,,true,
2026-10-01,108783,1.79,0,3.25,kg,,true,
2026-10-01,902231,6.84,0,7.6,kg,,true,
2026-10-01,857232,4.25,0,5.31,kg,,true,
2026-10-01,903005,4.28,0,5.71,kg,,true,
2026-10-01,896880,2.49,0,8.3,kg,,true,
2026-10-01,881310,2.49,0,5.93,kg,,true,
2026-10-01,873734,3.99,0,8.87,kg,,true,
2026-10-01,760013,4.59,0,9.37,kg,,true,
2026-10-01,790517,0.79,0,1.58,kg,,true,
2026-10-01,879463,1.99,0,3.98,kg,Only,true,
2026-10-01,899949,2.95,0,1.97,kg,,true,
2026-10-01,837230,16.49,0,8.25,L,,true,
2026-10-01,821581,6.39,0,2.13,L,,true,
2026-10-01,785711,0.99,0,0.99,kg,,true,
2026-10-01,863983,3.06,0,2.55,kg,,true,
2026-10-01,128100,1.99,0,3.98,kg,,true,
2026-10-01,765561,2.19,0,14.6,kg,,true,
2026-10-01,111465,3.55,0,7.1,kg,,true,
2026-10-01,894152,3.85,0,7,kg,,true,
2026-10-01,129681,3.85,0,19.25,kg,,true,
2026-10-01,803448,2.15,0,0.05,pc,Only,true,
2026-10-01,777472,3.19,0,6.72,kg,,true,
2026-10-01,618125,1.99,0,5.38,kg,,true,
2026-10-01,134531,3.59,0,8.98,kg,,true,
2026-10-01,782097,2.99,0,5.98,kg,Only,true,
2026-10-01,893602,2.1,0,13.13,kg,,true,
2026-10-01,618973,2.19,0,24.33,kg,,true,
2026-10-01,619770,3.95,0,1.76,L,Only,true,
2026-10-01,402660,2.45,0,0.27,L,,true,
2026-10-01,108140,1.95,0,1.3,L,Only,true,
2026-10-01,342813,8.2,0,2.05,L,,true,
2026-10-01,108839,3.59,0,4.79,L,,true,
2026-10-01,901801,5.23,0,4.75,kg,,true,
2026-10-01,901802,2.14,0,3.06,kg,,true,
2026-10-01,770756,3.51,0,1.76,kg,,true,
2026-10-01,864395,3.09,0,1.93,kg,,true,
2026-10-01,901457,2.15,0,2.15,kg,,true,
2026-10-01,861853,2.65,0,3.31,kg,,true,
2026-10-01,901100,2.34,0,1.95,kg,,true,
2026-10-01,901832,0.98,0,1.96,kg,,true,
2026-10-01,761110,0.66,0,4.4,kg,,true,
2026-10-01,865040,1.46,0,1.95,kg,,true,
2026-10-01,901810,4.73,0,6.76,kg,,true,
2026-10-01,787232,3.99,0,0.399,pc,,true,
2026-10-01,787229,2.59,0,3.2375,kg,,true,
2026-10-01,441027,1.55,0,2.07,L,,true,
2026-10-01,630347,9.35,0,0.28,pc,Pick Of The Week,true,
2026-10-01,610233,1.79,0,17.9,L,,true,
2026-10-01,751602,3.65,0,4.87,L,,true,
2026-10-02,404125,2.85,0,1.43,L,,true,
2026-10-02,888825,2.99,0,3.74,kg,,true,
2026-10-02,703285,2.8,0,9.33,kg,,true,
2026-10-02,615970,6.27,0,10.45,kg,,true,
2026-10-02,906882,2.99,0,11.96,kg,,true,
2026-10-02,800487,2.99,0,13.29,kg,Pick Of The Week,true,
2026-10-02,906001,1.4,0,7,kg,,true,
2026-10-02,784773,4.15,0,0.35,pc,,true,
2026-10-02,831392,1.99,0,13.27,kg,,true,
2026-10-02,905119,2.8,0,14,kg,,true,
2026-10-02,800591,1.95,0,2.17,kg,,true,
2026-10-02,108783,1.79,0,3.25,kg,,true,
2026-10-02,902231,6.84,0,7.6,kg,,true,
2026-10-02,857232,4.25,0,5.31,kg,,true,
2026-10-02,903005,4.28,0,5.71,kg,,true,
2026-10-02,896880,2.49,0,8.3,kg,,true,
2026-10-02,881310,2.49,0,5.93,kg,,true,
2026-10-02,873734,3.99,0,8.87,kg,,true,
2026-10-02,760013,4.59,0,9.37,kg,,true,
2026-10-02,790517,0.79,0,1.58,kg,,true,
2026-10-02,879463,1.99,0,3.98,kg,Only,true,
2026-10-02,899949,2.95,0,1.97,kg,,true,
2026-10-02,837230,16.49,0,8.25,L,,true,
2026-10-02,821581,6.39,0,2.13,L,,true,
2026-10-02,785711,0.99,0,0.99,kg,,true,
2026-10-02,863983,3.06,0,2.55,kg,,true,
2026-10-02,128100,1.99,0,3.98,kg,,true,
2026-10-02,765561,2.19,0,14.6,kg,,true,
2026-10-02,111465,3.55,0,7.1,kg,Only,true,
2026-10-02,894152,3.85,0,7,kg,Only,true,
2026-10-02,129681,3.85,0,19.25,kg,,true,
2026-10-02,803448,2.15,0,0.05,pc,Only,true,
2026-10-02,777472,3.19,0,6.72,kg,,true,
2026-10-02,618125,1.99,0,5.38,kg,,true,
2026-10-02,134531,3.25,0,8.13,kg,,true,
2026-10-02,782097,2.99,0,5.98,kg,Only,true,
2026-10-02,893602,2.1,0,13.13,kg,,true,
2026-10-02,618973,2.19,0,24.33,kg,,true,
2026-10-02,619770,3.95,0,1.76,L,Only,true,
2026-10-02,402660,2.45,0,0.27,L,,true,
2026-10-02,108140,1.95,0,1.3,L,Only,true,
2026-10-02,342813,8.2,0,2.05,L,,true,
2026-10-02,108839,3.59,0,4.79,L,,true,
2026-10-02,901801,5.23,0,4.75,kg,,true,
2026-10-02,901802,2.14,0,3.06,kg,,true,
2026-10-02,770756,3.51,0,1.76,kg,,true,
2026-10-02,864395,3.09,0,1.93,kg,,true,
2026-10-02,901457,1.49,0,1.49,kg,,true,
2026-10-02,861853,2.65,0,3.31,kg,,true,
2026-10-02,901100,2.34,0,1.95,kg,,true,
2026-10-02,901832,0.98,0,1.96,kg,,true,
2026-10-02,761110,0.66,0,4.4,kg,,true,
2026-10-02,865040,1.46,0,1.95,kg,,true,
2026-10-02,901810,4.73,0,6.76,kg,,true,
2026-10-02,787232,3.99,0,0.399,pc,,true,
2026-10-02,787229,2.59,0,3.2375,kg,,true,
2026-10-02,441027,1.55,0,2.07,L,,true,
2026-10-02,630347,9.35,0,0.28,pc,Pick Of The Week,true,
2026-10-02,610233,1.79,0,17.9,L,,true,
2026-10-02,751602,3.65,0,4.87,L,,true,
2026-10-03,404125,2.85,0,1.43,L,,true,
2026-10-03,888825,2.99,0,3.74,kg,,true,
2026-10-03,703285,2.8,0,9.33,kg,,true,
2026-10-03,615970,6.27,0,10.45,kg,,true,
2026-10-03,906882,2.99,0,11.96,kg,,true,
2026-10-03,800487,2.99,0,13.29,kg,Pick Of The Week,true,
2026-10-03,906001,1.4,0,7,kg,,true,
2026-10-03,784773,4.15,0,0.35,pc,,true,
2026-10-03,831392,1.99,0,13.27,kg,,true,
2026-10-03,905119,2.8,0,14,kg,,true,
2026-10-03,800591,1.95,0,2.17,kg,,true,
2026-10-03,108783,1.79,0,3.25,kg,,true,
2026-10-03,902231,6.84,0,7.6,kg,,true,
2026-10-03,857232,4.25,0,5.31,kg,,true,
2026-10-03,903005,4.28,0,5.71,kg,,true,
2026-10-03,896880,2.49,0,8.3,kg,,true,
2026-10-03,881310,2.49,0,5.93,kg,,true,
2026-10-03,873734,3.99,0,8.87,kg,,true,
2026-10-03,760013,4.59,0,9.37,kg,,true,
2026-10-03,790517,0.79,0,1.58,kg,,true,
2026-10-03,879463,1.99,0,3.98,kg,Only,true,
2026-10-03,899949,2.95,0,1.97,kg,,true,
2026-10-03,837230,16.49,0,8.25,L,,true,
2026-10-03,821581,6.39,0,2.13,L,,true,
2026-10-03,785711,0.99,0,0.99,kg,,true,
2026-10-03,863983,3.06,0,2.55,kg,,true,
2026-10-03,128100,1.99,0,3.98,kg,,true,
2026-10-03,765561,2.19,0,14.6,kg,,true,
2026-10-03,111465,3.55,0,7.1,kg,Only,true,
2026-10-03,894152,3.85,0,7,kg,Only,true,
2026-10-03,129681,3.85,0,19.25,kg,,true,
2026-10-03,803448,2.15,0,0.05,pc,Only,true,
2026-10-03,777472,3.19,0,6.72,kg,,true,
2026-10-03,618125,1.99,0,5.38,kg,,true,
2026-10-03,134531,3.25,0,8.13,kg,,true,
2026-10-03,782097,2.99,0,5.98,kg,Only,true,
2026-10-03,893602,2.1,0,13.13,kg,,true,
2026-10-03,618973,2.19,0,24.33,kg,,true,
2026-10-03,619770,3.95,0,1.76,L,Only,true,
2026-10-03,402660,2.45,0,0.27,L,,true,
2026-10-03,108140,1.95,0,1.3,L,Only,true,
2026-10-03,342813,8.2,0,2.05,L,,true,
2026-10-03,108839,3.59,0,4.79,L,,true,
2026-10-03,901801,5.78,0,5.25,kg,,true,
2026-10-03,901802,2.63,0,3.76,kg,,true,
2026-10-03,770756,3.51,0,1.76,kg,,true,
2026-10-03,864395,3.09,0,1.93,kg,,true,
2026-10-03,901457,1.49,0,1.49,kg,,true,
2026-10-03,861853,2.65,0,3.31,kg,,true,
2026-10-03,901100,2.34,0,1.95,kg,,true,
2026-10-03,901832,0.98,0,1.96,kg,,true,
2026-10-03,761110,0.66,0,4.4,kg,,true,
2026-10-03,865040,1.46,0,1.95,kg,,true,
2026-10-03,901810,4.73,0,6.76,kg,,true,
2026-10-03,787232,3.99,0,0.399,pc,,true,
2026-10-03,787229,2.59,0,3.2375,kg,,true,
2026-10-03,441027,1.55,0,2.07,L,,true,
2026-10-03,630347,9.35,0,0.28,pc,Pick Of The Week,true,
2026-10-03,610233,1.79,0,17.9,L,,true,
2026-10-03,751602,3.65,0,4.87,L,,true,
2026-10-04,404125,2.85,0,1.43,L,,true,
2026-10-04,888825,2.99,0,3.74,kg,,true,
2026-10-04,703285,2.8,0,9.33,kg,,true,
2026-10-04,615970,6.27,0,10.45,kg,,true,
2026-10-04,906882,2.99,0,11.96,kg,,true,
2026-10-04,800487,2.99,0,13.29,kg,Pick Of The Week,true,
2026-10-04,906001,1.4,0,7,kg,,true,
2026-10-04,784773,4.15,0,0.35,pc,,true,
2026-10-04,831392,1.99,0,13.27,kg,,true,
2026-10-04,905119,2.8,0,14,kg,,true,
2026-10-04,800591,1.95,0,2.17,kg,,true,
2026-10-04,108783,1.79,0,3.25,kg,,true,
2026-10-04,902231,6.84,0,7.6,kg,,true,
2026-10-04,857232,4.25,0,5.31,kg,,true,
2026-10-04,903005,4.28,0,5.71,kg,,true,
2026-10-04,896880,2.49,0,8.3,kg,,true,
2026-10-04,881310,2.49,0,5.93,kg,,true,
2026-10-04,873734,3.99,0,8.87,kg,,true,
2026-10-04,760013,4.59,0,9.37,kg,,true,
2026-10-04,790517,0.79,0,1.58,kg,,true,
2026-10-04,879463,1.99,0,3.98,kg,Only,true,
2026-10-04,899949,2.95,0,1.97,kg,,true,
2026-10-04,837230,16.49,0,8.25,L,,true,
2026-10-04,821581,6.39,0,2.13,L,,true,
2026-10-04,785711,0.99,0,0.99,kg,,true,
2026-10-04,863983,3.06,0,2.55,kg,,true,
2026-10-04,128100,1.99,0,3.98,kg,,true,
2026-10-04,765561,2.19,0,14.6,kg,,true,
2026-10-04,111465,3.55,0,7.1,kg,Only,true,
2026-10-04,894152,3.85,0,7,kg,Only,true,
2026-10-04,129681,3.85,0,19.25,kg,,true,
2026-10-04,803448,2.15,0,0.05,pc,Only,true,
2026-10-04,777472,3.19,0,6.72,kg,,true,
2026-10-04,618125,1.99,0,5.38,kg,,true,
2026-10-04,134531,3.25,0,8.13,kg,,true,
2026-10-04,782097,2.99,0,5.98,kg,Only,true,
2026-10-04,893602,2.1,0,13.13,kg,,true,
2026-10-04,618973,2.19,0,24.33,kg,,true,
2026-10-04,619770,3.95,0,1.76,L,Only,true,
2026-10-04,402660,2.45,0,0.27,L,,true,
2026-10-04,108140,1.95,0,1.3,L,Only,true,
2026-10-04,342813,8.2,0,2.05,L,,true,
2026-10-04,108839,3.59,0,4.79,L,,true,
2026-10-04,901801,5.78,0,5.25,kg,,true,
2026-10-04,901802,2.63,0,3.76,kg,,true,
2026-10-04,770756,3.51,0,1.76,kg,,true,
2026-10-04,864395,3.09,0,1.93,kg,,true,
2026-10-04,901457,1.49,0,1.49,kg,,true,
2026-10-04,861853,2.65,0,3.31,kg,,true,
2026-10-04,901100,2.34,0,1.95,kg,,true,
2026-10-04,901832,0.98,0,1.96,kg,,true,
2026-10-04,761110,0.66,0,4.4,kg,,true,
2026-10-04,865040,1.46,0,1.95,kg,,true,
2026-10-04,901810,4.73,0,6.76,kg,,true,
2026-10-04,787232,3.99,0,0.399,pc,,true,
2026-10-04,787229,2.59,0,3.2375,kg,,true,
2026-10-04,441027,1.55,0,2.07,L,,true,
2026-10-04,630347,9.35,0,0.28,pc,Pick Of The Week,true,
2026-10-04,610233,1.79,0,17.9,L,,true,
2026-10-04,751602,3.65,0,4.87,L,,true,
2026-10-05,404125,2.85,0,1.43,L,,true,
2026-10-05,888825,2.99,0,3.74,kg,,true,
2026-10-05,703285,2.8,0,9.33,kg,,true,
2026-10-05,615970,6.27,0,10.45,kg,,true,
2026-10-05,906882,2.99,0,11.96,kg,,true,
2026-10-05,800487,2.99,0,13.29,kg,Pick Of The Week,true,
2026-10-05,906001,1.4,0,7,kg,,true,
2026-10-05,784773,4.15,0,0.35,pc,,true,
2026-10-05,831392,1.99,0,13.27,kg,,true,
2026-10-05,905119,2.8,0,14,kg,,true,
2026-10-05,800591,1.95,0,2.17,kg,,true,
2026-10-05,108783,1.79,0,3.25,kg,,true,
2026-10-05,902231,6.84,0,7.6,kg,,true,
2026-10-05,857232,4.25,0,5.31,kg,,true,
2026-10-05,903005,4.28,0,5.71,kg,,true,
2026-10-05,896880,2.49,0,8.3,kg,,true,
2026-10-05,881310,2.49,0,5.93,kg,,true,
2026-10-05,873734,3.99,0,8.87,kg,,true,
2026-10-05,760013,4.59,0,9.37,kg,,true,
2026-10-05,790517,0.79,0,1.58,kg,,true,
2026-10-05,879463,1.99,0,3.98,kg,Only,true,
2026-10-05,899949,2.95,0,1.97,kg,,true,
2026-10-05,837230,16.49,0,8.25,L,,true,
2026-10-05,821581,6.39,0,2.13,L,,true,
2026-10-05,785711,0.99,0,0.99,kg,,true,
2026-10-05,863983,3.06,0,2.55,kg,,true,
2026-10-05,128100,1.99,0,3.98,kg,,true,
2026-10-05,765561,2.19,0,14.6,kg,,true,
2026-10-05,111465,3.55,0,7.1,kg,Only,true,
2026-10-05,894152,3.85,0,7,kg,Only,true,
2026-10-05,129681,3.85,0,19.25,kg,,true,
2026-10-05,803448,2.15,0,0.05,pc,Only,true,
2026-10-05,777472,3.19,0,6.72,kg,,true,
2026-10-05,618125,1.99,0,5.38,kg,,true,
2026-10-05,134531,3.25,0,8.13,kg,,true,
2026-10-05,782097,2.99,0,5.98,kg,Only,true,
2026-10-05,893602,2.1,0,13.13,kg,,true,
2026-10-05,618973,2.19,0,24.33,kg,,true,
2026-10-05,619770,3.95,0,1.76,L,Only,true,
2026-10-05,402660,2.45,0,0.27,L,,true,
2026-10-05,108140,1.95,0,1.3,L,Only,true,
2026-10-05,342813,8.2,0,2.05,L,,true,
2026-10-05,108839,3.59,0,4.79,L,,true,
2026-10-05,901801,4.95,0,4.5,kg,,true,
2026-10-05,901802,2.45,0,3.5,kg,,true,
2026-10-05,770756,3.51,0,1.76,kg,,true,
2026-10-05,864395,3.09,0,1.93,kg,,true,
2026-10-05,901457,2.15,0,2.15,kg,,true,
2026-10-05,861853,2.65,0,3.31,kg,,true,
2026-10-05,901100,2.34,0,1.95,kg,,true,
2026-10-05,901832,0.98,0,1.96,kg,,true,
2026-10-05,761110,0.66,0,4.4,kg,,true,
2026-10-05,865040,1.46,0,1.95,kg,,true,
2026-10-05,901810,4.73,0,6.76,kg,,true,
2026-10-05,787232,3.99,0,0.399,pc,,true,
2026-10-05,787229,2.59,0,3.2375,kg,,true,
2026-10-05,441027,1.55,0,2.07,L,,true,
2026-10-05,630347,9.35,0,0.28,pc,Pick Of The Week,true,
2026-10-05,610233,1.79,0,17.9,L,,true,
2026-10-05,751602,3.65,0,4.87,L,,true,
